"Time","X-Axis Acceleration","Y-Axis Acceleration","Z-Axis Acceleration","Force"
0.00,-0.80,-0.37,-1.12,-0.004
0.01,-1.31,0.69,-2.40,0.001
0.02,-0.72,-1.21,-0.21,0.007
0.03,0.90,0.08,0.77,-0.004
0.04,1.56,0.76,-1.12,-0.021
0.05,0.83,-1.74,0.24,-0.015
0.06,0.24,-0.37,0.47,0.001
0.07,0.60,0.69,-1.04,-0.004
0.08,-0.58,-1.59,0.01,0.001
0.09,-0.80,-0.90,0.24,0.001
0.10,-0.50,0.53,-0.82,0.001
0.11,0.38,0.00,0.24,0.007
0.12,0.16,-0.37,0.92,-0.004
0.13,-0.13,0.16,-0.21,0.007
0.14,0.60,-0.22,0.99,-0.004
0.15,0.97,-1.59,-1.42,0.001
0.16,1.12,0.23,0.24,-0.004
0.17,1.56,1.75,-0.74,0.001
0.18,1.19,0.16,-0.44,-0.010
0.19,0.09,-0.53,0.09,0.001
0.20,0.46,0.08,0.39,-0.004
0.21,1.34,0.38,0.39,-0.004
0.22,-0.21,-1.43,1.14,0.007
0.23,-1.17,-0.68,1.45,0.012
0.24,0.31,0.99,-0.51,0.007
0.25,0.46,1.52,1.14,0.007
0.26,0.31,-0.53,0.99,0.007
0.27,1.05,-1.28,1.75,0.001
0.28,1.56,2.12,-0.66,0.001
0.29,1.27,0.61,-0.59,-0.010
0.30,0.83,-2.19,0.84,0.001
0.31,-0.43,-0.15,0.01,0.007
0.32,-1.31,0.00,-0.66,0.012
0.33,-0.21,-0.07,0.24,0.018
0.34,0.46,2.20,-2.02,-0.004
0.35,0.24,0.69,-0.89,0.001
0.36,0.46,-0.07,0.77,0.001
0.37,0.68,2.28,-0.06,0.001
0.38,0.38,0.31,-0.14,-0.010
0.39,0.16,-3.17,1.82,-0.010
0.40,0.16,-0.83,0.01,-0.004
0.41,0.60,1.67,-0.66,-0.004
0.42,0.31,0.69,0.09,0.007
0.43,0.24,-0.45,-0.06,0.007
0.44,0.46,0.46,0.84,-0.010
0.45,0.01,1.59,-1.27,0.012
0.46,0.68,-0.53,0.92,0.001
0.47,0.24,-1.59,-0.21,0.007
0.48,0.16,-0.22,-0.59,0.007
0.49,0.46,0.46,0.39,-0.010
0.50,-0.28,2.12,-2.02,0.007
0.51,-0.50,0.38,1.14,0.001
0.52,0.75,-0.37,0.92,-0.015
0.53,0.83,2.28,0.01,-0.004
0.54,0.83,0.46,1.45,-0.004
0.55,0.90,-1.59,0.32,0.001
0.56,0.53,0.91,-0.06,0.007
0.57,-0.06,0.69,-0.06,0.007
0.58,0.24,-0.30,-0.29,-0.010
0.59,-0.50,0.23,-0.44,0.018
0.60,-0.58,-0.75,1.52,0.007
0.61,1.71,0.46,1.90,-0.004
0.62,0.53,1.06,-0.51,0.007
0.63,0.46,-0.37,-0.06,-0.015
0.64,1.19,-0.60,-0.29,0.007
0.65,0.46,0.00,-2.17,-0.004
0.66,0.38,-0.60,0.16,-0.004
0.67,0.68,1.06,0.92,0.001
0.68,0.16,1.67,-0.14,0.007
0.69,-0.13,-0.30,1.75,0.012
0.70,0.38,1.44,-0.06,0.012
0.71,1.05,1.52,0.69,-0.004
0.72,0.75,-2.49,2.50,-0.004
0.73,0.16,-1.74,-0.36,-0.004
0.74,1.42,2.05,-0.06,0.001
0.75,1.93,2.28,-1.95,-0.021
0.76,-0.72,-2.49,0.99,0.001
0.77,-1.39,-1.13,0.16,0.012
0.78,1.34,3.18,-0.14,-0.021
0.79,-0.06,1.90,1.22,0.012
0.80,-0.58,-2.34,1.14,0.001
0.81,0.83,-0.15,-0.82,-0.004
0.82,-0.58,1.67,-1.34,0.007
0.83,-0.43,-0.53,0.16,-0.004
0.84,-0.50,-0.30,-0.89,0.012
0.85,0.16,-0.30,1.30,0.007
0.86,0.38,0.38,-1.27,0.001
0.87,1.12,2.73,-0.97,-0.004
0.88,-0.13,0.08,2.50,0.007
0.89,-0.28,-2.57,2.65,0.023
0.90,0.97,0.61,0.39,-0.010
0.91,1.05,-0.22,-0.82,0.001
0.92,1.56,0.08,-0.21,-0.010
0.93,0.68,0.23,0.16,0.001
0.94,-0.13,-0.30,0.47,0.007
0.95,0.60,0.69,0.24,0.001
0.96,0.01,1.97,-0.51,0.007
0.97,0.60,-0.98,0.16,-0.004
0.98,0.90,-1.81,0.77,-0.021
0.99,0.16,-0.07,-0.59,0.007
1.00,0.68,0.08,-0.44,-0.015
1.01,1.71,2.58,1.30,-0.004
1.02,0.60,2.20,-0.59,0.001
1.03,0.01,-2.34,0.92,0.007
1.04,0.68,-1.06,1.45,-0.004
1.05,0.90,0.38,-0.14,-0.015
1.06,0.68,-0.30,1.22,-0.004
1.07,0.46,-0.07,-1.72,-0.010
1.08,1.64,-0.75,0.99,-0.004
1.09,0.31,-0.68,-2.70,0.001
1.10,-1.46,-0.07,-2.17,0.007
1.11,-0.28,2.73,0.54,0.012
1.12,-0.13,1.97,-1.34,0.007
1.13,-1.61,-1.28,1.22,0.007
1.14,0.01,0.31,0.77,0.012
1.15,0.75,1.14,-1.04,-0.010
1.16,-0.65,-0.53,-0.36,0.018
1.17,-1.02,-1.51,0.54,0.012
1.18,1.05,0.61,-0.14,-0.015
1.19,1.78,-0.07,-1.04,-0.004
1.20,0.60,-0.37,0.32,0.001
1.21,1.27,3.79,-0.21,0.001
1.22,0.38,0.76,2.43,-0.010
1.23,-1.83,-2.57,2.28,0.018
1.24,0.46,2.81,-0.51,0.001
1.25,1.05,1.29,-0.29,-0.004
1.26,0.31,-2.80,2.65,0.012
1.27,-0.65,-0.53,-0.06,-0.004
1.28,-1.17,1.37,-2.02,-0.004
1.29,-0.43,2.20,-0.36,0.023
1.30,-0.21,1.14,-0.59,0.001
1.31,0.09,-1.36,-0.97,0.012
1.32,0.31,-0.60,0.39,0.007
1.33,0.31,0.16,1.52,0.001
1.34,-0.80,0.91,0.84,0.001
1.35,-0.95,2.50,-1.80,0.007
1.36,-1.17,0.00,-2.02,0.007
1.37,-0.50,-4.23,1.14,0.001
1.38,1.12,0.08,-0.82,-0.004
1.39,2.37,2.35,-1.34,-0.015
1.40,0.90,0.08,-0.36,-0.004
1.41,0.09,-2.19,-1.12,0.001
1.42,-0.43,0.00,-2.40,0.001
1.43,-0.50,1.06,-1.42,0.012
1.44,-0.43,0.99,0.54,0.018
1.45,-0.43,-1.21,0.24,0.007
1.46,-0.21,0.76,-0.29,0.007
1.47,0.83,0.69,-1.80,-0.004
1.48,1.05,-1.36,-0.14,0.007
1.49,1.49,-0.68,0.69,-0.004
1.50,0.75,-0.60,0.01,0.001
1.51,0.38,-0.90,-0.29,-0.004
1.52,1.12,0.00,-0.51,0.007
1.53,1.05,0.53,-1.04,0.001
1.54,0.53,1.06,0.16,-0.010
1.55,0.31,0.31,-0.06,-0.004
1.56,-0.06,0.31,-0.44,0.018
1.57,0.31,0.99,2.20,0.007
1.58,1.05,0.84,-0.51,-0.004
1.59,0.46,-1.21,0.84,-0.004
1.60,-0.13,-2.04,1.07,-0.004
1.61,0.75,-0.37,0.77,0.018
1.62,1.42,0.91,0.99,0.007
1.63,1.05,-0.83,0.09,0.001
1.64,1.49,0.46,-1.27,-0.004
1.65,0.31,2.20,-1.72,0.001
1.66,-0.13,1.06,0.24,0.007
1.67,-0.58,0.08,1.07,0.012
1.68,-0.80,0.61,0.84,0.018
1.69,0.16,-0.60,1.60,0.001
1.70,0.68,-0.90,1.82,-0.004
1.71,0.68,-0.90,0.32,-0.004
1.72,1.64,0.61,0.54,-0.004
1.73,1.27,2.12,0.01,-0.004
1.74,-0.21,1.67,-2.78,0.029
1.75,0.24,0.23,-0.21,-0.004
1.76,-0.87,0.08,-0.14,0.012
1.77,-1.54,-0.07,0.09,0.018
1.78,-1.46,-1.36,0.39,0.023
1.79,-1.17,0.76,0.92,0.012
1.80,-0.21,1.97,-0.82,0.012
1.81,-0.65,-0.60,-1.04,0.018
1.82,0.24,0.69,-0.36,0.007
1.83,1.34,1.67,-0.21,0.001
1.84,1.49,-0.53,0.77,0.001
1.85,1.19,-0.68,0.84,-0.004
1.86,0.83,-0.22,0.62,0.001
1.87,0.01,0.91,0.24,-0.004
1.88,-0.36,1.06,-0.51,0.012
1.89,-0.43,0.08,0.69,-0.004
1.90,-0.80,0.46,-0.66,0.012
1.91,-0.58,0.23,0.24,0.001
1.92,0.46,0.46,0.47,-0.004
1.93,0.75,0.08,-0.14,0.001
1.94,1.42,-1.06,0.99,-0.010
1.95,1.64,0.00,0.99,0.001
1.96,1.12,0.99,-0.06,0.001
1.97,0.46,-1.36,0.99,0.001
1.98,-0.21,0.38,-0.06,0.001
1.99,-0.13,1.67,-1.42,-0.004
2.00,0.38,-1.36,-0.14,-0.004
2.01,0.46,0.08,-0.44,0.001
2.02,1.34,2.05,-0.89,-0.004
2.03,0.83,-1.28,0.62,0.001
2.04,0.09,-1.66,1.14,0.001
2.05,1.49,0.46,-0.36,-0.021
2.06,0.83,-1.59,-0.14,-0.004
2.07,0.24,0.16,0.54,-0.004
2.08,1.56,1.44,-0.21,-0.004
2.09,1.19,-0.68,0.62,0.001
2.10,0.09,-1.43,0.24,0.007
2.11,0.97,0.23,-0.06,0.007
2.12,1.12,1.37,-1.34,-0.004
2.13,0.38,0.08,-0.21,0.012
2.14,-0.28,-1.06,0.01,0.007
2.15,-0.50,-0.45,-2.10,0.001
2.16,0.16,-0.07,0.39,0.018
2.17,0.75,0.08,0.47,-0.010
2.18,1.19,-0.68,0.84,-0.015
2.19,1.27,-0.90,0.84,0.001
2.20,0.75,0.69,-1.64,0.001
2.21,0.38,0.38,-0.74,-0.004
2.22,0.01,-1.59,1.14,-0.004
2.23,0.01,0.16,-0.36,0.001
2.24,1.05,0.69,-1.27,-0.004
2.25,0.60,-0.22,-0.66,-0.004
2.26,-0.21,0.38,0.47,0.007
2.27,-0.95,0.31,-1.49,0.007
2.28,-0.80,-0.22,-0.06,-0.004
2.29,-0.50,-0.07,1.52,0.023
2.30,0.24,0.99,-0.51,0.007
2.31,0.53,0.46,-0.51,0.001
2.32,0.01,-0.83,-0.14,0.012
2.33,0.53,-0.98,0.39,-0.010
2.34,1.27,-0.53,0.54,0.001
2.35,0.46,-0.22,-0.29,0.001
2.36,0.83,1.14,0.24,-0.004
2.37,0.90,2.05,-1.27,-0.004
2.38,-0.13,-0.07,0.01,0.001
2.39,0.24,-0.53,0.32,-0.004
2.40,0.97,0.76,-0.51,-0.010
2.41,-0.58,-0.98,-0.59,0.007
2.42,0.75,-1.36,0.62,-0.010
2.43,1.12,0.76,-1.42,0.018
2.44,-0.06,0.23,-1.49,0.007
2.45,0.24,-0.15,1.67,0.001
2.46,1.12,1.67,1.14,-0.004
2.47,1.56,0.99,1.52,0.001
2.48,1.78,-0.68,2.80,-0.015
2.49,2.89,0.46,1.14,-0.004
2.50,3.19,0.91,0.39,-0.010
2.51,0.90,0.00,-0.36,0.001
2.52,0.24,-0.45,-0.97,-0.010
2.53,0.01,-0.07,0.47,-0.004
2.54,-0.95,0.76,-1.27,0.018
2.55,-0.43,0.84,0.01,0.001
2.56,0.53,-0.37,0.62,0.001
2.57,0.09,-0.37,-0.29,0.001
2.58,1.12,0.31,1.90,-0.004
2.59,1.64,-0.45,0.16,-0.015
2.60,0.60,0.16,-1.49,-0.004
2.61,0.24,0.31,-0.29,0.001
2.62,-0.13,0.08,-0.29,0.012
2.63,-1.02,0.31,-0.74,0.012
2.64,-0.87,-0.45,1.30,0.012
2.65,0.60,0.91,1.52,-0.004
2.66,0.09,0.84,-1.57,0.012
2.67,-0.28,-1.43,0.16,0.007
2.68,1.19,-1.13,0.09,0.001
2.69,0.31,-0.30,-3.38,-0.004
2.70,-0.80,-0.30,-1.19,-0.004
2.71,-0.28,0.31,-1.57,0.018
2.72,-1.39,0.99,-1.87,0.012
2.73,-1.17,0.84,1.22,0.001
2.74,0.31,-0.07,0.77,0.001
2.75,-0.28,-0.53,-2.17,0.001
2.76,0.24,-1.59,1.22,0.001
2.77,1.56,0.84,0.47,0.001
2.78,0.75,1.90,-1.95,-0.004
2.79,-0.36,-0.45,-0.44,0.007
2.80,1.12,0.76,2.20,0.007
2.81,1.86,3.18,0.92,-0.004
2.82,0.83,0.69,2.05,-0.010
2.83,0.46,-2.49,0.47,0.018
2.84,-0.06,-3.33,0.69,0.001
2.85,-2.57,-2.04,-0.44,0.018
2.86,0.83,0.46,-3.83,0.007
2.87,0.97,1.67,-6.02,-0.004
2.88,0.83,0.53,0.99,-0.004
2.89,0.16,-2.95,1.67,0.001
2.90,-0.50,2.05,0.39,0.001
2.91,0.16,1.75,-0.66,0.001
2.92,0.75,-1.28,0.69,-0.004
2.93,1.19,1.75,-0.21,0.001
2.94,1.05,0.00,-2.32,-0.004
2.95,1.64,-3.17,0.77,-0.004
2.96,1.42,0.00,-0.14,-0.015
2.97,2.01,0.61,1.45,-0.010
2.98,0.83,-0.60,1.30,-0.004
2.99,-0.06,0.84,0.99,-0.004
3.00,0.38,0.08,0.47,0.007
3.01,0.38,-0.30,-0.06,-0.004
3.02,1.49,1.67,1.14,-0.004
3.03,1.64,-1.28,0.39,-0.010
3.04,0.97,-0.22,-1.12,-0.004
3.05,0.75,1.75,-0.59,-0.015
3.06,0.53,-1.13,-1.49,-0.004
3.07,-0.50,0.38,0.01,0.012
3.08,-0.43,2.43,1.75,0.007
3.09,-0.13,-0.30,-0.44,0.007
3.10,-0.95,-1.28,-0.44,0.012
3.11,-0.28,0.00,0.92,0.001
3.12,1.19,1.22,-0.66,0.001
3.13,1.05,0.46,-1.49,0.007
3.14,0.46,-1.59,0.84,-0.010
3.15,0.90,0.38,0.54,-0.004
3.16,-0.06,2.58,-0.36,0.001
3.17,-0.21,0.23,0.24,0.007
3.18,-1.02,-3.48,1.30,0.018
3.19,-3.01,-1.51,-2.40,0.001
3.20,0.75,2.50,3.41,0.001
3.21,1.86,4.02,0.09,-0.010
3.22,0.38,0.76,-0.74,-0.010
3.23,1.05,-1.13,-1.27,-0.004
3.24,2.37,0.91,-1.27,-0.010
3.25,1.93,2.35,0.77,0.012
3.26,-0.21,-3.48,1.45,0.007
3.27,0.38,-3.17,0.32,-0.010
3.28,1.86,1.59,-1.49,-0.004
3.29,0.09,0.38,-0.66,0.001
3.30,-0.36,-0.98,-1.12,-0.004
3.31,0.90,2.96,-1.12,0.001
3.32,0.31,1.97,0.99,0.007
3.33,-0.06,-1.74,0.39,0.007
3.34,0.97,-0.15,0.69,0.001
3.35,1.86,-0.83,1.45,0.001
3.36,2.01,0.38,-0.36,-0.004
3.37,2.23,0.38,-0.29,0.001
3.38,1.49,-0.98,-0.51,0.007
3.39,1.05,0.08,-0.66,-0.004
3.40,0.31,0.91,0.77,0.007
3.41,0.31,0.46,-0.14,-0.004
3.42,0.01,-0.68,0.62,0.001
3.43,0.31,0.38,0.09,0.001
3.44,1.56,1.22,0.09,0.007
3.45,0.97,-0.53,-0.21,-0.004
3.46,0.68,-1.21,0.62,0.012
3.47,1.27,1.29,0.24,0.001
3.48,1.05,-0.07,-1.57,0.001
3.49,-0.13,-1.81,0.24,0.023
3.50,0.68,1.06,0.77,0.001
3.51,1.12,1.29,0.47,0.007
3.52,0.31,-0.68,0.16,-0.004
3.53,0.68,-0.22,1.22,0.001
3.54,1.42,1.22,0.92,0.001
3.55,0.46,-0.37,0.62,0.001
3.56,0.01,-2.19,1.07,0.023
3.57,1.64,-0.37,0.92,-0.021
3.58,2.37,1.97,-0.51,-0.021
3.59,1.49,1.14,0.77,-0.010
3.60,1.56,0.31,0.32,0.001
3.61,0.83,1.97,-1.57,-0.010
3.62,-0.65,-0.07,0.01,0.007
3.63,-0.06,-1.06,0.24,0.007
3.64,-0.72,0.23,-0.74,0.007
3.65,-0.28,0.00,-0.51,0.012
3.66,0.90,1.52,0.99,0.007
3.67,0.01,0.99,-1.72,0.012
3.68,0.01,-1.51,1.14,0.007
3.69,1.12,-0.22,0.62,0.001
3.70,0.38,0.31,-0.36,-0.004
3.71,0.09,-1.74,1.07,0.001
3.72,0.38,0.61,-0.44,0.012
3.73,0.83,2.43,-0.36,0.007
3.74,0.46,-0.22,0.99,0.007
3.75,0.46,-0.98,-0.06,0.007
3.76,0.90,0.53,-0.14,-0.004
3.77,-0.06,-0.68,0.39,0.001
3.78,1.12,0.00,-0.44,-0.004
3.79,1.34,0.69,-1.64,-0.004
3.80,0.46,-2.19,-0.51,-0.010
3.81,0.75,-0.37,0.84,0.007
3.82,0.60,1.52,-0.97,-0.010
3.83,-0.50,-0.83,0.47,0.007
3.84,0.01,-0.83,-0.14,0.001
3.85,1.27,0.46,-1.04,-0.015
3.86,1.12,-0.07,-0.97,0.001
3.87,0.83,-0.15,-0.51,-0.010
3.88,0.60,0.46,-1.04,0.001
3.89,0.68,0.08,-0.14,0.001
3.90,0.31,-1.43,-1.49,0.007
3.91,0.16,-1.89,-0.21,-0.010
3.92,0.75,0.99,0.69,0.001
3.93,0.24,1.44,-2.02,-0.015
3.94,-0.58,-1.06,1.07,0.018
3.95,0.31,-0.07,0.32,0.012
3.96,1.19,0.53,0.39,0.001
3.97,0.60,-0.15,-0.36,0.001
3.98,0.83,-0.30,-0.14,-0.004
3.99,1.64,0.76,-0.14,0.001
4.00,0.90,0.38,0.39,-0.015
4.01,-0.43,1.14,-0.36,0.012
4.02,-0.13,-0.30,0.24,0.007
4.03,-0.50,-1.13,1.60,0.001
4.04,-0.06,0.53,0.62,-0.004
4.05,0.68,0.38,-0.74,0.012
4.06,0.90,0.69,-0.06,-0.015
4.07,1.27,0.38,1.45,0.001
4.08,1.27,-0.07,-0.14,-0.004
4.09,1.05,-0.37,0.47,0.007
4.10,1.42,0.00,0.99,0.012
4.11,0.75,0.31,0.47,-0.004
4.12,-0.13,0.23,-0.44,0.001
4.13,0.24,0.69,1.22,0.001
4.14,0.38,1.14,-0.21,0.001
4.15,-0.28,-0.45,-0.97,0.001
4.16,0.83,0.16,0.16,-0.010
4.17,0.75,2.12,-0.97,-0.010
4.18,0.16,-0.37,-0.21,0.007
4.19,0.53,-2.04,0.99,0.007
4.20,0.83,0.84,0.54,-0.004
4.21,1.27,0.91,-0.51,0.001
4.22,0.83,-0.22,-0.66,-0.004
4.23,0.53,0.46,0.01,0.001
4.24,0.16,0.31,-0.29,0.007
4.25,-0.13,0.53,-0.59,0.007
4.26,0.31,0.84,0.47,-0.004
4.27,0.75,0.00,-0.06,-0.004
4.28,0.68,0.46,0.39,0.007
4.29,0.01,-0.15,-0.82,-0.004
4.30,-0.36,-1.06,0.24,-0.015
4.31,0.31,0.91,0.09,0.007
4.32,0.97,0.61,0.54,-0.010
4.33,0.09,-0.22,0.24,-0.004
4.34,0.68,0.31,0.69,-0.004
4.35,0.68,0.69,-0.29,0.001
4.36,-0.28,-0.15,0.47,0.007
4.37,1.12,-1.51,0.77,0.001
4.38,1.34,-1.43,0.16,-0.010
4.39,0.53,1.22,-0.74,-0.004
4.40,1.64,1.67,0.09,-0.004
4.41,0.01,-0.45,0.09,-0.004
4.42,-1.02,-1.06,0.47,0.007
4.43,0.83,-0.30,1.14,-0.010
4.44,1.05,0.76,-0.14,0.001
4.45,0.97,-0.45,0.32,-0.004
4.46,1.42,-0.22,-1.34,0.001
4.47,2.23,0.46,-0.44,-0.026
4.48,0.68,-1.59,-0.44,0.001
4.49,0.31,-1.96,0.24,-0.010
4.50,1.34,0.76,-0.29,-0.010
4.51,0.75,1.06,-0.51,0.007
4.52,0.38,-0.22,-0.51,0.012
4.53,1.27,0.38,0.47,-0.010
4.54,1.42,1.37,-0.06,-0.015
4.55,1.12,-1.06,0.54,-0.026
4.56,1.27,-1.74,0.77,0.001
4.57,1.71,1.06,-1.12,0.001
4.58,-0.06,-0.22,-2.10,-0.004
4.59,-0.58,-1.43,0.09,0.007
4.60,0.83,1.67,-0.66,-0.004
4.61,0.38,0.69,-0.21,-0.004
4.62,0.46,-0.83,0.92,-0.004
4.63,0.97,0.38,-0.21,-0.004
4.64,0.68,-0.22,0.32,-0.004
4.65,0.53,0.31,-0.97,-0.004
4.66,1.49,-0.45,-0.14,0.001
4.67,0.53,-1.28,0.01,-0.010
4.68,0.09,0.91,-1.12,-0.015
4.69,0.09,0.76,0.24,-0.004
4.70,0.16,-0.45,1.22,-0.004
4.71,-0.13,-0.07,0.16,-0.004
4.72,1.12,-0.30,0.62,-0.015
4.73,1.78,1.22,-0.29,-0.015
4.74,1.86,0.16,-0.06,-0.021
4.75,0.90,-0.22,0.01,0.007
4.76,0.68,0.23,-1.87,-0.004
4.77,0.01,-0.68,0.69,0.007
4.78,-0.06,0.31,0.54,-0.004
4.79,0.38,1.44,-0.21,0.007
4.80,0.46,-0.37,1.37,-0.004
4.81,0.46,0.69,-0.44,0.001
4.82,1.49,1.52,0.54,-0.015
4.83,0.31,-0.83,-0.59,0.007
4.84,0.60,-0.45,0.77,-0.004
4.85,1.34,1.59,-0.66,-0.004
4.86,0.38,0.69,0.01,0.007
4.87,0.46,0.00,0.09,-0.004
4.88,1.12,0.84,0.54,-0.004
4.89,0.46,0.91,-0.14,0.001
4.90,0.01,-0.75,0.32,0.001
4.91,0.53,-0.45,0.84,0.001
4.92,1.05,1.59,-1.04,-0.004
4.93,0.90,-0.37,-0.89,-0.015
4.94,0.83,-1.43,-0.36,-0.004
4.95,1.19,1.67,-0.82,-0.004
4.96,-0.28,0.61,-0.44,0.001
4.97,-1.24,-0.68,0.39,0.023
4.98,-0.13,2.05,0.16,0.001
4.99,-0.13,0.53,0.77,0.018
5.00,0.75,0.00,-0.14,-0.004
5.01,1.42,0.23,0.01,0.001
5.02,0.46,-1.66,-0.29,-0.004
5.03,0.53,0.00,-0.14,0.001
5.04,0.38,1.29,-1.34,-0.010
5.05,-0.87,0.23,-0.44,0.007
5.06,-1.09,0.76,0.32,0.012
5.07,0.16,0.84,1.22,-0.010
5.08,0.83,0.38,1.60,-0.010
5.09,1.27,0.76,1.07,-0.004
5.10,1.56,0.38,0.39,-0.004
5.11,1.71,-0.45,0.32,-0.010
5.12,1.19,0.53,-0.21,-0.010
5.13,0.53,0.61,-0.36,0.007
5.14,0.16,0.23,1.30,0.007
5.15,-0.65,0.69,-0.14,0.012
5.16,-0.58,0.76,-0.21,0.007
5.17,0.01,0.69,1.07,0.007
5.18,0.60,-0.22,0.92,0.012
5.19,0.83,-0.15,0.01,0.001
5.20,1.19,0.76,0.16,-0.004
5.21,1.34,0.38,-0.51,-0.010
5.22,0.83,-0.45,-0.14,-0.010
5.23,0.09,0.46,-0.14,0.012
5.24,0.16,0.46,-0.21,0.012
5.25,-0.21,0.53,0.24,-0.004
5.26,0.31,0.46,0.47,0.007
5.27,1.05,0.31,0.39,-0.004
5.28,1.27,-0.07,0.01,-0.004
5.29,1.34,-1.06,-0.29,0.001
5.30,1.27,0.31,-0.59,-0.004
5.31,0.75,0.69,-1.49,0.007
5.32,0.83,-0.60,-0.29,-0.004
5.33,0.38,1.44,-0.36,-0.004
5.34,0.38,1.37,0.09,0.001
5.35,1.19,-1.36,1.52,-0.004
5.36,0.97,-0.07,0.62,0.001
5.37,-0.13,-0.15,-0.51,0.007
5.38,0.38,0.00,0.09,0.007
5.39,0.46,1.29,-1.19,0.012
5.40,0.31,-0.83,-0.21,0.007
5.41,1.34,-0.37,-0.29,-0.015
5.42,1.34,1.44,0.39,-0.015
5.43,0.16,-0.53,0.24,0.007
5.44,0.16,-0.45,0.47,0.001
5.45,0.60,0.99,-0.06,-0.004
5.46,1.12,-0.53,-0.21,-0.004
5.47,1.19,-0.83,0.01,0.007
5.48,0.97,-0.15,-0.21,-0.010
5.49,0.46,-0.90,0.32,-0.015
5.50,0.16,0.53,0.24,0.007
5.51,0.31,1.29,0.01,-0.010
5.52,-0.13,-0.98,0.32,-0.004
5.53,-0.06,0.99,0.01,-0.010
5.54,0.83,1.97,-0.82,-0.004
5.55,1.19,-0.75,0.92,-0.004
5.56,1.05,-1.59,-0.21,-0.004
5.57,0.83,-0.98,0.92,-0.004
5.58,0.24,0.69,-1.34,-0.004
5.59,0.38,1.06,-0.89,0.001
5.60,0.09,-0.83,0.84,0.007
5.61,0.46,-0.15,-0.21,0.001
5.62,0.31,0.99,-0.44,0.001
5.63,0.38,0.38,0.09,-0.010
5.64,1.27,0.00,0.39,0.001
5.65,0.90,-1.21,0.32,0.001
5.66,0.53,0.69,-1.04,0.001
5.67,0.97,1.29,-0.06,-0.004
5.68,0.53,-0.75,0.54,0.018
5.69,0.60,0.61,1.07,0.007
5.70,0.97,1.06,0.09,-0.004
5.71,0.31,-0.45,-0.97,0.012
5.72,-0.06,-0.53,0.01,-0.004
5.73,-0.06,0.61,-0.29,0.001
5.74,0.68,0.53,-0.51,-0.004
5.75,0.01,-0.37,-0.29,0.001
5.76,0.38,-0.07,0.24,0.001
5.77,0.97,-0.07,0.54,-0.004
5.78,0.75,0.08,0.47,0.007
5.79,0.83,0.16,0.16,-0.010
5.80,1.12,0.76,-0.21,-0.004
5.81,1.34,0.31,0.16,-0.010
5.82,1.27,-0.75,0.01,-0.004
5.83,1.49,0.08,-0.06,-0.004
5.84,1.42,0.46,0.69,-0.015
5.85,0.97,-0.45,-1.57,-0.004
5.86,0.53,-2.64,-0.89,-0.010
5.87,0.68,-0.68,-1.19,-0.004
5.88,1.42,2.20,-0.89,-0.010
5.89,0.38,0.00,-2.17,0.007
5.90,-0.43,-1.81,0.77,0.001
5.91,0.60,-0.83,-0.66,0.001
5.92,-0.21,-0.53,-1.19,0.001
5.93,0.38,1.67,-0.51,0.007
5.94,1.12,0.84,-0.21,-0.015
5.95,0.83,-0.68,-0.44,-0.004
5.96,-0.43,0.08,-1.80,0.018
5.97,-0.06,-0.30,-1.12,-0.010
5.98,-0.28,0.84,-1.87,0.007
5.99,-0.80,-0.15,-0.66,0.012
6.00,-0.50,-0.75,0.69,0.001
6.01,0.01,1.22,-1.12,0.007
6.02,0.24,0.53,0.84,0.012
6.03,0.31,-0.15,0.77,0.007
6.04,1.12,-0.22,1.45,-0.004
6.05,0.97,0.00,0.84,-0.004
6.06,0.97,0.46,-0.59,-0.015
6.07,1.34,-0.30,1.14,-0.021
6.08,1.27,0.00,0.54,-0.004
6.09,0.46,0.91,0.16,-0.010
6.10,-0.43,0.69,1.30,0.007
6.11,-0.43,1.14,0.99,0.007
6.12,-0.13,0.38,0.69,-0.004
6.13,0.24,-0.15,1.07,-0.004
6.14,0.46,1.22,1.82,0.012
6.15,0.31,0.91,1.07,0.012
6.16,0.46,-0.53,0.99,-0.010
6.17,0.97,-0.15,0.99,-0.004
6.18,2.45,0.61,0.84,-0.015
6.19,2.23,0.69,-0.21,-0.015
6.20,0.24,-0.60,-0.97,0.001
6.21,0.01,-0.68,3.26,0.007
6.22,0.68,1.22,-1.04,-0.010
6.23,-0.87,0.61,-0.51,0.007
6.24,0.38,2.50,0.62,-0.004
6.25,2.08,1.59,-0.21,-0.004
6.26,0.75,-2.42,-0.89,0.001
6.27,1.34,0.53,0.99,-0.021
6.28,0.97,2.12,-0.74,-0.004
6.29,-0.13,-1.06,0.39,0.001
6.30,0.31,-0.22,0.16,0.001
6.31,0.31,0.23,-0.36,0.001
6.32,-0.50,0.23,-0.51,0.001
6.33,0.09,-0.30,0.24,0.012
6.34,0.90,-0.53,0.16,-0.015
6.35,1.34,1.06,-0.82,0.001
6.36,1.42,-0.22,-1.80,-0.004
6.37,0.97,-1.28,0.01,-0.004
6.38,0.90,0.76,-2.02,0.001
6.39,0.60,-0.83,-0.51,0.007
6.40,0.31,-1.28,-0.89,0.001
6.41,0.16,0.38,-0.82,0.001
6.42,0.09,-0.90,-1.04,0.007
6.43,0.97,-0.75,0.39,0.012
6.44,1.78,0.91,-1.49,-0.015
6.45,1.71,-0.15,-0.82,-0.015
6.46,0.68,-0.75,-0.06,0.001
6.47,0.01,-0.68,1.14,0.018
6.48,0.60,0.38,-0.89,-0.010
6.49,0.38,-1.43,-0.97,-0.004
6.50,0.60,-0.98,-0.06,-0.010
6.51,1.56,1.44,-0.59,-0.010
6.52,0.24,-0.83,1.14,0.007
6.53,-0.21,-1.36,1.22,0.001
6.54,0.16,0.91,0.39,0.001
6.55,1.27,0.53,-1.27,-0.004
6.56,0.53,-0.68,-0.82,-0.004
6.57,0.53,-0.68,0.01,0.007
6.58,1.42,1.44,0.77,-0.021
6.59,0.09,0.31,0.01,0.012
6.60,-1.02,-1.43,0.92,0.018
6.61,0.46,2.05,-0.36,-0.004
6.62,0.97,0.99,-0.36,-0.010
6.63,-1.02,-1.66,0.99,-0.004
6.64,0.60,0.38,0.39,0.012
6.65,0.16,0.31,-0.89,0.007
6.66,0.16,-0.53,-0.36,-0.010
6.67,0.60,-0.15,-0.06,0.012
6.68,-0.21,-0.53,0.99,0.001
6.69,-0.80,1.52,1.14,0.007
6.70,-0.13,2.88,1.45,0.007
6.71,1.78,1.75,-0.06,-0.004
6.72,2.52,-1.59,2.43,-0.004
6.73,2.52,-2.34,2.43,-0.010
6.74,2.15,0.23,0.16,-0.004
6.75,0.97,2.05,-1.87,-0.015
6.76,-0.43,1.06,-0.74,0.012
6.77,-1.46,0.84,0.39,0.023
6.78,0.38,1.90,-0.29,-0.004
6.79,0.31,-0.45,2.20,0.001
6.80,0.90,-0.15,2.35,-0.004
6.81,0.97,0.23,1.07,-0.004
6.82,0.31,-0.75,-0.66,0.001
6.83,0.97,1.29,-0.82,-0.010
6.84,1.86,1.22,-1.95,-0.021
6.85,1.27,-1.06,-0.29,-0.010
6.86,0.46,-1.28,2.05,-0.004
6.87,0.68,1.06,0.62,-0.010
6.88,0.24,0.31,-0.14,0.001
6.89,-0.43,-0.53,-0.82,0.007
6.90,0.01,0.99,-0.59,0.001
6.91,1.19,0.99,-1.27,-0.010
6.92,1.05,-1.21,-0.59,-0.004
6.93,0.90,-1.81,0.09,0.012
6.94,0.83,-0.68,-1.72,-0.004
6.95,0.01,1.14,-1.27,0.012
6.96,0.09,1.29,-0.36,0.007
6.97,-0.13,-0.83,-0.29,0.012
6.98,0.31,-0.30,0.62,-0.004
6.99,0.83,0.00,-1.87,0.001
7.00,0.60,-0.68,0.47,-0.004
7.01,1.12,0.46,0.77,-0.010
7.02,-0.21,-1.28,-1.19,0.007
7.03,-0.50,-0.53,-0.59,0.012
7.04,0.38,1.44,-2.17,0.007
7.05,-0.21,0.31,-1.57,0.007
7.06,-0.36,-0.75,1.97,0.007
7.07,0.31,0.99,0.01,0.012
7.08,0.16,-0.22,-1.19,0.001
7.09,-0.28,-3.55,0.32,-0.015
7.10,0.83,0.08,-0.44,-0.004
7.11,1.49,2.43,-1.42,-0.015
7.12,0.31,-2.34,-0.82,-0.004
7.13,0.31,-1.66,1.75,0.001
7.14,2.30,3.49,-0.97,-0.015
7.15,0.53,0.99,1.22,-0.015
7.16,-1.76,-2.12,0.09,0.007
7.17,0.46,0.53,0.47,0.001
7.18,1.49,-1.43,2.05,0.001
7.19,0.75,0.38,-0.51,-0.004
7.20,1.71,2.20,0.77,0.001
7.21,1.64,-0.83,0.24,-0.010
7.22,0.46,-0.98,0.24,0.001
7.23,1.42,0.91,-1.27,-0.004
7.24,1.05,-1.13,0.09,0.007
7.25,-0.58,-0.07,-0.36,0.012
7.26,-1.17,0.31,-1.34,0.001
7.27,0.16,0.84,-0.06,0.001
7.28,0.83,0.61,-0.74,0.001
7.29,0.83,-0.98,0.24,-0.010
7.30,1.64,-1.28,1.60,0.001
7.31,0.75,1.44,-0.74,-0.010
7.32,0.90,2.05,0.24,-0.004
7.33,0.16,-0.75,0.77,0.018
7.34,0.68,0.31,0.47,-0.004
7.35,0.90,1.37,1.45,0.001
7.36,0.83,-1.13,1.22,-0.004
7.37,0.97,0.61,-0.21,-0.010
7.38,0.97,1.59,0.16,-0.015
7.39,0.46,-0.15,-0.59,0.001
7.40,-0.21,-0.68,1.22,-0.010
7.41,-0.43,-0.53,0.01,-0.004
7.42,0.31,-0.68,0.24,-0.004
7.43,1.12,1.59,-1.12,0.001
7.44,1.34,1.75,-0.14,-0.004
7.45,0.16,-0.22,-0.06,0.007
7.46,-1.54,-0.30,-1.34,0.018
7.47,-0.50,0.23,-0.59,0.007
7.48,0.60,-0.53,0.32,0.001
7.49,-0.13,0.00,-1.12,0.007
7.50,0.53,1.06,-1.49,0.007
7.51,0.68,-0.83,-1.12,0.001
7.52,1.05,0.31,1.30,-0.004
7.53,1.27,1.52,-0.74,-0.004
7.54,0.46,-2.49,0.99,-0.004
7.55,0.46,-0.83,0.09,-0.004
7.56,1.19,3.03,-1.57,-0.004
7.57,1.64,0.61,-0.36,0.001
7.58,0.09,-3.10,2.12,0.007
7.59,0.24,0.84,0.69,-0.004
7.60,1.05,1.97,-0.21,0.007
7.61,0.90,0.61,0.99,-0.015
7.62,0.16,0.91,-0.44,-0.010
7.63,0.68,-0.45,0.54,0.007
7.64,0.38,-0.15,-0.44,-0.004
7.65,0.83,0.23,0.62,-0.010
7.66,1.56,0.61,1.30,0.023
7.67,1.78,0.99,-0.51,-0.004
7.68,0.31,0.08,1.22,0.007
7.69,-0.06,-0.90,0.24,-0.010
7.70,1.78,-0.45,1.82,-0.010
7.71,1.34,0.69,0.47,-0.004
7.72,1.05,-0.75,0.47,-0.004
7.73,1.34,0.00,2.88,-0.004
7.74,1.71,1.67,-0.29,0.001
7.75,1.86,0.00,-1.12,-0.004
7.76,2.23,-2.57,-0.66,-0.010
7.77,1.93,-1.74,-0.66,-0.004
7.78,0.68,1.67,-0.29,-0.010
7.79,-0.50,1.52,0.09,0.018
7.80,-0.95,-0.07,-1.19,0.001
7.81,-0.43,-0.22,-0.29,0.018
7.82,0.60,-0.53,1.37,-0.010
7.83,1.12,0.00,0.69,0.007
7.84,0.24,-0.75,0.39,0.007
7.85,0.09,0.31,0.09,0.007
7.86,1.86,1.52,-0.82,-0.004
7.87,1.27,-0.07,-0.97,-0.004
7.88,0.60,-0.53,-0.97,-0.004
7.89,0.16,1.52,-1.57,-0.010
7.90,-0.50,-0.68,1.82,0.001
7.91,-0.43,-1.28,1.22,-0.004
7.92,0.60,1.75,-0.21,-0.010
7.93,0.60,0.76,0.01,0.001
7.94,0.38,-1.28,0.39,0.007
7.95,0.60,-1.13,0.54,-0.004
7.96,1.19,0.84,-0.36,-0.004
7.97,1.64,0.23,-0.06,-0.015
7.98,0.83,0.00,-0.59,-0.015
7.99,0.31,-0.07,0.16,-0.015
8.00,-0.50,-2.12,0.62,0.007
8.01,-0.13,-0.30,1.22,0.007
8.02,0.53,2.28,-0.14,-0.004
8.03,0.31,0.53,-0.97,0.001
8.04,0.24,-1.06,-0.14,-0.010
8.05,0.75,0.00,-0.66,0.007
8.06,1.05,0.00,-0.06,0.001
8.07,1.78,-0.37,1.14,-0.015
8.08,1.49,-0.15,-0.51,-0.004
8.09,0.97,-1.06,0.84,0.007
8.10,1.56,0.08,0.32,-0.010
8.11,1.56,1.44,-0.51,-0.015
8.12,0.68,-0.37,-0.82,0.018
8.13,0.31,-2.72,0.84,-0.015
8.14,0.24,0.99,-0.89,0.001
8.15,-0.06,2.05,-2.93,0.007
8.16,-0.06,-0.15,-0.97,0.007
8.17,-0.13,-0.22,-0.21,-0.004
8.18,-0.28,-0.07,-0.89,0.012
8.19,-0.21,-0.53,1.14,0.001
8.20,0.83,0.84,0.99,0.001
8.21,1.27,0.00,0.69,0.001
8.22,1.64,-1.36,0.69,-0.015
8.23,1.71,-0.45,-0.51,-0.004
8.24,0.90,-0.15,-1.34,0.007
8.25,1.12,-0.37,-0.29,-0.010
8.26,0.01,0.38,-1.49,0.001
8.27,-1.31,-0.07,-0.44,0.012
8.28,-0.72,0.53,1.07,0.018
8.29,-0.06,2.65,-0.51,0.018
8.30,-0.06,-0.30,1.75,0.001
8.31,1.19,-2.04,1.90,0.007
8.32,2.52,1.22,0.01,-0.010
8.33,1.64,-0.53,2.12,-0.010
8.34,0.90,-0.60,-0.44,-0.010
8.35,0.60,1.37,-2.02,-0.004
8.36,-0.50,0.16,0.16,-0.004
8.37,-0.72,-0.37,0.47,0.012
8.38,-0.43,0.38,0.54,0.001
8.39,-0.28,0.99,0.47,0.007
8.40,0.16,-0.30,0.77,0.007
8.41,0.90,-1.36,0.24,0.001
8.42,1.93,1.59,-0.74,0.001
8.43,2.01,0.53,-1.80,-0.010
8.44,0.97,-2.87,0.24,0.007
8.45,1.12,1.29,0.62,0.001
8.46,-0.06,1.52,-1.57,0.001
8.47,-0.36,-1.59,0.47,0.012
8.48,-0.21,1.82,0.32,-0.004
8.49,0.53,0.53,-0.97,-0.004
8.50,0.31,-2.27,0.09,-0.015
8.51,0.38,0.53,-2.40,0.012
8.52,0.68,0.08,-1.34,-0.010
8.53,0.46,-0.98,-0.36,-0.004
8.54,0.38,1.37,-1.72,0.007
8.55,-0.06,-0.30,-0.82,-0.004
8.56,0.75,-0.83,0.62,-0.004
8.57,0.68,1.97,-0.59,-0.004
8.58,-0.06,-0.75,0.69,-0.004
8.59,0.16,-1.96,0.01,-0.004
8.60,1.49,1.14,-0.74,-0.004
8.61,0.90,0.53,0.09,0.001
8.62,0.83,-0.68,-0.21,0.001
8.63,-0.28,-0.07,-0.51,-0.010
8.64,-0.65,1.22,-0.82,0.001
8.65,0.83,1.52,0.62,0.001
8.66,0.53,0.23,0.84,-0.010
8.67,-0.06,0.00,0.47,0.007
8.68,0.97,-0.45,1.45,-0.010
8.69,0.97,0.69,0.54,0.001
8.70,0.46,0.16,-0.36,-0.004
8.71,0.75,-2.04,0.32,0.007
8.72,0.38,-0.07,-0.51,-0.015
8.73,-0.21,0.46,-0.59,-0.004
8.74,-0.28,-1.43,1.30,0.001
8.75,-0.06,1.52,-0.36,0.001
8.76,0.46,0.84,0.39,-0.004
8.77,1.78,-0.60,0.39,0.001
8.78,2.23,0.91,-0.06,-0.010
8.79,1.86,-0.07,1.22,-0.015
8.80,1.34,-0.75,0.62,0.007
8.81,1.56,0.53,0.54,-0.004
8.82,1.34,0.99,1.30,-0.004
8.83,1.12,0.31,0.09,0.001
8.84,0.83,-1.28,2.80,0.007
8.85,1.19,1.29,1.82,0.012
8.86,1.86,1.52,1.97,-0.004
8.87,1.42,-0.45,0.62,-0.004
8.88,2.37,-0.45,0.39,-0.010
8.89,2.82,0.38,-0.51,-0.010
8.90,2.52,0.91,-0.36,0.001
8.91,1.49,-0.07,-0.44,-0.015
8.92,0.75,-0.68,0.62,0.007
8.93,0.60,1.06,0.01,-0.026
8.94,0.31,0.46,-0.44,0.001
8.95,-0.58,-0.98,-0.51,0.001
8.96,-0.06,-0.45,-0.51,0.001
8.97,0.97,0.53,-0.82,0.001
8.98,1.34,0.76,-1.42,0.007
8.99,1.27,-1.59,-0.66,-0.004
9.00,1.71,-0.45,-0.89,-0.015
9.01,1.27,0.69,-0.59,0.007
9.02,0.24,-1.06,0.39,0.001
9.03,-0.13,-0.45,-0.66,0.012
9.04,-0.21,0.69,-0.66,0.007
9.05,-0.21,0.16,0.09,0.012
9.06,0.83,0.46,-0.44,0.001
9.07,0.38,-1.59,0.01,-0.004
9.08,-0.28,-2.12,0.09,-0.010
9.09,0.53,1.29,-1.34,-0.004
9.10,0.68,1.06,-2.70,-0.004
9.11,0.31,-1.36,-0.14,-0.004
9.12,0.46,-0.07,-0.97,0.012
9.13,0.38,1.29,-1.04,0.007
9.14,0.31,-0.75,0.09,-0.004
9.15,-0.28,-1.13,-0.51,-0.004
9.16,-0.36,1.06,-1.19,0.001
9.17,0.68,0.31,0.47,0.001
9.18,0.38,-0.60,-0.82,-0.010
9.19,0.53,0.23,-0.06,0.001
9.20,1.05,-0.07,0.62,-0.004
9.21,1.12,-0.68,0.92,-0.004
9.22,0.97,-0.83,0.69,0.007
9.23,1.05,0.08,0.92,0.001
9.24,2.08,0.84,-1.12,-0.015
9.25,1.49,-0.98,0.01,0.007
9.26,1.64,-1.13,0.39,-0.010
9.27,1.27,0.69,-0.59,-0.010
9.28,0.75,0.69,-0.21,-0.004
9.29,0.16,-0.68,0.16,0.001
9.30,0.53,-0.07,-0.51,0.001
9.31,0.90,0.61,-0.06,-0.004
9.32,0.38,-0.22,-0.44,0.007
9.33,0.46,-0.30,0.24,-0.010
9.34,1.49,0.16,-0.14,-0.010
9.35,1.34,-0.37,0.09,-0.004
9.36,1.56,0.53,-0.21,-0.004
9.37,1.34,0.31,-0.14,0.001
9.38,1.19,-0.22,0.16,-0.004
9.39,0.60,-0.60,0.09,0.001
9.40,0.16,-0.45,0.39,0.001
9.41,0.90,1.06,-0.51,0.007
9.42,0.75,0.38,-0.36,0.007
9.43,0.97,-0.83,0.47,-0.004
9.44,0.83,-0.30,-0.21,-0.004
9.45,0.09,0.31,-0.59,-0.004
9.46,0.68,-0.07,1.52,0.007
9.47,0.60,0.38,-0.36,0.007
9.48,0.53,0.31,-0.97,-0.004
9.49,0.90,0.23,-0.36,-0.004
9.50,0.38,1.22,-0.29,-0.004
9.51,-0.13,0.23,-0.14,0.012
9.52,-0.43,-1.06,0.62,-0.004
9.53,0.16,0.76,-0.21,-0.004
9.54,0.60,0.84,-0.14,-0.004
9.55,0.24,0.53,0.01,0.012
9.56,-0.06,0.69,-0.97,0.007
9.57,-0.13,-0.22,0.69,-0.004
9.58,0.60,0.08,0.32,-0.004
9.59,0.24,-0.37,-0.06,0.001
9.60,0.16,-0.22,1.45,-0.010
9.61,0.83,1.59,-0.66,0.001
9.62,0.38,0.69,-0.06,0.007
9.63,-0.13,-0.68,0.16,-0.004
9.64,0.46,0.76,0.32,-0.010
9.65,1.19,1.29,0.39,-0.010
9.66,0.68,-0.37,0.39,0.001
9.67,0.75,-0.53,0.32,0.001
9.68,0.75,0.31,-0.36,0.001
9.69,0.31,0.61,0.32,-0.004
9.70,0.09,0.38,0.24,0.012
9.71,0.83,0.16,0.39,-0.004
9.72,0.97,0.76,0.01,0.001
9.73,1.34,-0.15,0.09,-0.004
9.74,1.27,-0.22,0.47,-0.004
9.75,1.05,-0.15,-0.36,0.001
9.76,0.90,-0.60,0.01,-0.004
9.77,0.24,0.23,-0.82,0.007
9.78,0.60,0.69,0.24,-0.004
9.79,1.27,1.06,0.32,-0.004
9.80,0.75,-0.07,0.69,-0.004
9.81,0.16,-0.90,0.84,-0.015
9.82,0.83,0.08,0.32,-0.015
9.83,1.05,0.91,0.24,0.001
9.84,0.60,-0.22,-0.44,0.001
9.85,0.97,-0.68,-0.21,0.001
9.86,1.05,0.38,-0.06,-0.010
9.87,0.31,0.69,-0.14,0.012
9.88,0.53,0.23,0.54,0.001
9.89,0.53,-0.90,0.62,0.001
9.90,0.16,-0.30,0.01,-0.004
9.91,0.53,0.61,0.62,-0.004
9.92,0.83,0.23,-0.29,-0.004
9.93,0.83,0.08,0.09,0.007
9.94,0.68,-0.68,0.24,0.001
9.95,1.56,0.46,0.47,-0.004
9.96,1.42,0.76,0.09,-0.010
9.97,0.24,-0.68,0.69,-0.004
9.98,0.60,-0.68,1.07,0.012
9.99,0.60,1.22,0.62,-0.004
10.00,-0.28,-0.07,0.39,0.012
10.01,0.24,-0.68,1.14,0.001
10.02,1.42,0.53,0.47,-0.004
10.03,1.12,0.00,-0.51,0.007
10.04,1.34,-0.53,0.77,-0.004
10.05,1.71,0.23,-0.82,-0.004
10.06,1.05,-0.30,-0.06,-0.010
10.07,0.38,-0.75,0.32,0.012
10.08,0.68,0.23,-0.97,-0.010
10.09,0.31,-0.07,0.16,-0.004
10.10,0.01,-0.22,-0.21,0.018
10.11,0.09,-0.37,-0.82,0.001
10.12,0.24,0.00,-0.89,0.012
10.13,0.46,-0.37,-0.36,-0.010
10.14,0.75,-0.68,-1.12,0.001
10.15,0.68,0.69,-1.80,-0.004
10.16,0.75,0.08,-0.66,-0.004
10.17,0.31,-0.37,-0.97,0.001
10.18,-0.13,-0.45,-0.74,-0.004
10.19,-0.36,-0.75,-0.29,0.007
10.20,0.31,0.31,0.32,0.012
10.21,0.46,0.61,-0.51,0.007
10.22,0.31,-0.53,0.84,0.012
10.23,0.90,-0.07,0.09,-0.004
10.24,0.83,0.84,0.24,0.007
10.25,0.75,0.91,0.77,-0.015
10.26,1.12,-0.07,1.14,-0.004
10.27,1.12,-0.30,0.77,0.001
10.28,1.05,0.00,0.54,-0.004
10.29,1.19,-0.07,0.69,-0.004
10.30,0.46,-0.37,0.01,0.001
10.31,0.09,-0.07,0.09,0.012
10.32,0.38,0.23,-0.06,-0.004
10.33,1.05,0.69,0.24,0.007
10.34,0.75,-0.15,-0.29,0.007
10.35,0.46,-0.68,0.54,-0.015
10.36,0.83,0.23,0.32,0.001
10.37,0.97,0.00,0.09,-0.004
10.38,0.83,-0.45,0.01,-0.004
10.39,1.27,-0.22,0.16,-0.004
10.40,0.97,0.00,-0.36,0.007
10.41,0.31,-0.22,-0.36,-0.004
10.42,0.68,0.16,0.16,-0.010
10.43,1.27,0.31,0.16,-0.004
10.44,0.83,0.00,-1.04,0.001
10.45,0.97,-0.22,-0.29,0.001
10.46,0.90,0.76,-0.89,-0.010
10.47,0.24,-0.07,-0.21,-0.004
10.48,0.38,0.38,-0.06,0.012
10.49,0.60,0.31,0.16,-0.010
10.50,0.46,-0.22,-0.44,0.007
10.51,0.75,0.31,0.16,0.001
10.52,0.97,0.53,-0.44,-0.004
10.53,0.46,0.08,-0.29,-0.015
10.54,0.68,0.23,0.01,-0.004
10.55,1.19,0.46,-0.06,-0.010
10.56,0.60,0.00,0.09,0.001
10.57,0.53,0.31,0.16,-0.004
10.58,0.75,1.06,0.54,-0.004
10.59,0.68,0.46,0.84,0.001
10.60,0.83,0.46,0.84,0.012
10.61,0.97,0.61,0.47,-0.010
10.62,0.97,0.00,1.75,-0.010
10.63,1.19,-0.60,1.07,-0.015
10.64,0.83,-0.75,1.07,-0.010
10.65,0.97,0.00,0.69,-0.004
10.66,0.75,0.23,-0.29,0.001
10.67,0.38,0.38,-0.59,0.001
10.68,0.60,0.53,-0.44,0.007
10.69,0.31,0.00,0.01,-0.004
10.70,0.01,0.00,0.32,0.007
10.71,0.75,0.46,1.14,0.012
10.72,0.53,0.91,0.01,0.012
10.73,0.46,0.69,-0.21,0.001
10.74,0.75,-0.98,0.24,0.007
10.75,1.49,-0.83,-0.51,-0.004
10.76,1.56,-0.37,-0.59,-0.015
10.77,0.68,-0.83,-2.10,0.007
10.78,0.60,-0.83,-0.66,0.012
10.79,-0.28,1.29,-0.89,0.001
10.80,-0.06,0.46,-1.95,0.007
10.81,0.83,-1.06,1.14,-0.021
10.82,0.75,-0.30,0.16,0.001
10.83,0.60,0.16,-0.97,-0.004
10.84,0.75,-0.07,-0.36,0.012
10.85,0.75,0.23,-0.74,-0.004
10.86,0.68,0.53,-0.51,0.007
10.87,-0.06,0.23,-0.14,-0.010
10.88,-0.36,-0.75,-0.29,0.012
10.89,-0.06,-0.75,0.92,0.007
10.90,0.16,0.31,0.01,0.012
10.91,0.60,-0.15,0.24,-0.010
10.92,0.90,0.46,-0.06,0.007
10.93,0.90,0.31,-0.89,-0.004
10.94,0.83,-0.60,-0.14,0.001
10.95,1.64,-0.22,0.77,0.001
10.96,1.19,0.38,-0.74,0.001
10.97,0.24,-0.98,0.16,0.007
10.98,0.09,-0.30,1.07,0.007
10.99,-0.36,1.22,-0.89,0.007
11.00,-0.50,-0.22,-0.89,0.012
11.01,0.01,-0.98,1.30,0.001
11.02,-0.13,-0.07,-0.44,0.001
11.03,0.46,-0.30,-0.82,-0.021
11.04,0.97,-0.75,0.62,-0.004
11.05,1.05,1.22,-1.57,-0.004
11.06,0.68,0.53,-0.29,-0.004
11.07,0.38,-1.59,-0.14,0.001
11.08,0.09,0.23,-0.06,0.001
11.09,0.09,0.08,0.32,0.012
11.10,0.68,0.46,0.09,0.007
11.11,1.71,-0.07,-0.51,-0.015
11.12,1.78,-0.68,0.54,0.007
11.13,1.86,-1.89,0.16,-0.015
11.14,1.34,0.38,0.69,-0.004
11.15,1.34,1.37,-1.49,0.001
11.16,0.53,-0.83,-1.34,0.001
11.17,0.97,1.22,1.07,0.001
11.18,0.97,2.73,-1.04,0.007
11.19,0.60,-0.07,0.84,-0.004
11.20,-0.06,-1.96,0.01,-0.010
11.21,0.90,0.08,0.77,-0.015
11.22,1.19,0.46,-0.89,0.001
11.23,0.46,-1.36,-1.49,0.001
11.24,0.01,-0.30,-0.82,0.001
11.25,1.12,2.12,-0.59,0.007
11.26,0.90,0.38,-0.36,-0.010
11.27,-0.06,-2.04,0.24,-0.004
11.28,0.53,0.38,0.84,-0.004
11.29,0.83,1.59,0.39,0.007
11.30,0.38,-0.68,0.32,-0.010
11.31,0.97,-0.83,0.54,0.007
11.32,2.01,1.59,-0.21,-0.010
11.33,1.78,0.76,-0.74,-0.021
11.34,0.75,-1.13,1.45,-0.004
11.35,0.75,-0.15,0.32,0.001
11.36,0.31,0.84,0.01,0.007
11.37,0.16,0.23,0.62,0.001
11.38,-0.28,0.46,0.54,-0.021
11.39,0.31,0.31,-0.44,0.007
11.40,0.75,0.69,0.62,0.018
11.41,0.38,0.31,1.14,0.001
11.42,-0.43,0.16,0.16,0.007
11.43,0.09,1.06,0.77,0.001
11.44,0.24,0.76,-0.06,0.007
11.45,-0.21,-1.13,0.54,0.012
11.46,0.38,-0.53,0.01,-0.015
11.47,0.90,1.97,0.84,-0.004
11.48,0.90,1.14,-0.59,-0.004
11.49,0.75,-1.66,0.47,-0.010
11.50,1.34,0.61,0.39,-0.004
11.51,1.12,1.67,-1.95,0.001
11.52,0.31,-1.43,0.62,-0.004
11.53,0.90,0.00,0.62,0.001
11.54,0.75,0.91,-1.72,-0.004
11.55,0.68,-1.21,1.45,-0.004
11.56,0.60,-0.30,-0.74,0.001
11.57,0.83,1.44,0.09,-0.004
11.58,0.01,0.76,-0.21,-0.004
11.59,0.38,-0.22,-0.29,0.001
11.60,1.19,-0.22,1.52,0.001
11.61,1.12,1.22,-0.66,-0.004
11.62,1.19,-0.07,-0.44,0.007
11.63,0.38,-1.66,0.01,0.001
11.64,-0.06,0.00,-1.27,-0.010
11.65,0.53,0.61,-1.87,-0.004
11.66,0.46,-0.83,-0.66,0.007
11.67,0.68,0.16,-0.59,0.007
11.68,1.12,-0.15,-0.89,-0.010
11.69,1.34,-1.06,0.16,-0.010
11.70,0.60,-0.90,0.32,-0.004
11.71,1.12,-0.30,-1.04,0.001
11.72,0.97,-0.75,-0.89,0.007
11.73,0.16,-0.30,-1.42,-0.010
11.74,0.90,1.06,-0.36,-0.004
11.75,0.38,-0.07,-1.42,-0.021
11.76,0.09,-1.43,1.22,0.001
11.77,0.60,0.31,-0.51,-0.004
11.78,0.68,0.84,0.01,0.012
11.79,-0.21,-1.36,-0.74,0.007
11.80,0.31,-1.36,-0.97,0.001
11.81,0.90,0.53,0.01,-0.010
11.82,0.46,0.08,-0.44,-0.010
11.83,0.53,-1.36,-0.21,0.007
11.84,0.75,-0.37,0.84,0.001
11.85,0.97,0.23,-0.06,0.001
11.86,1.56,0.38,0.62,0.001
11.87,0.68,-0.15,-0.66,0.012
11.88,0.46,-0.22,0.47,-0.010
11.89,0.83,0.76,0.16,0.001
11.90,0.60,0.08,-0.44,0.012
11.91,0.24,-0.75,1.37,-0.004
11.92,0.60,1.67,-0.14,0.012
11.93,0.38,0.76,0.16,-0.010
11.94,0.09,-1.06,0.54,0.001
11.95,0.68,0.76,0.39,0.007
11.96,0.68,0.76,0.54,-0.010
11.97,0.46,-1.06,1.14,-0.004
11.98,0.46,0.84,0.62,0.001
11.99,0.75,1.22,-0.59,-0.015
12.00,0.60,-0.15,1.52,-0.004
12.01,0.68,-0.60,0.77,0.007
12.02,0.16,-1.28,-0.82,-0.004
12.03,0.75,0.53,0.32,-0.004
12.04,0.68,1.44,-0.97,-0.004
12.05,0.01,-0.30,0.32,0.001
12.06,0.68,1.90,-0.06,0.007
12.07,1.19,2.20,-0.29,-0.004
12.08,-0.06,-1.59,0.32,-0.004
12.09,-0.28,-0.90,1.22,0.001
12.10,1.34,3.03,0.62,-0.004
12.11,0.38,0.08,0.09,0.007
12.12,-0.50,-2.19,1.67,0.007
12.13,0.90,1.52,0.32,-0.004
12.14,1.42,2.43,-0.97,0.001
12.15,0.38,0.00,0.47,0.001
12.16,0.31,-2.12,0.54,-0.015
12.17,0.75,0.00,0.39,0.001
12.18,1.56,0.91,-0.29,-0.015
12.19,1.56,-0.75,-0.59,-0.010
12.20,1.42,-0.15,-0.66,-0.010
12.21,0.68,0.00,-0.66,-0.004
12.22,-0.72,0.84,-0.82,0.007
12.23,-0.72,0.08,-0.06,-0.004
12.24,0.38,0.08,0.62,0.001
12.25,1.42,0.08,1.22,-0.015
12.26,1.56,1.06,-0.29,-0.010
12.27,0.60,-0.37,-0.74,-0.010
12.28,0.97,-0.68,0.84,-0.015
12.29,1.27,-0.37,0.01,0.001
12.30,0.97,-0.90,-1.04,0.018
12.31,2.23,0.23,0.09,-0.010
12.32,2.01,0.61,-1.42,-0.015
12.33,0.09,-0.45,2.12,-0.004
12.34,0.16,-0.22,1.97,-0.010
12.35,0.90,0.69,0.09,-0.004
12.36,1.42,0.84,-0.74,-0.015
12.37,1.19,-1.43,0.62,-0.010
12.38,0.90,-0.90,-0.74,-0.004
12.39,1.34,0.00,-0.51,-0.004
12.40,1.27,-1.06,0.84,0.001
12.41,1.34,0.23,-0.36,-0.010
12.42,1.78,0.99,-0.66,-0.004
12.43,0.97,-0.90,-0.14,-0.015
12.44,0.60,0.53,0.39,-0.004
12.45,-0.50,0.84,-1.19,0.007
12.46,-0.36,-0.68,0.92,0.007
12.47,-0.65,0.61,0.39,0.007
12.48,0.24,0.46,1.22,-0.004
12.49,0.31,-0.68,-0.21,0.001
12.50,0.16,-0.07,-0.06,0.007
12.51,0.60,-0.83,0.09,-0.010
12.52,0.68,0.46,-1.34,-0.010
12.53,0.60,0.46,-1.27,0.007
12.54,0.01,-2.95,0.32,0.007
12.55,-0.06,-1.21,-0.06,0.018
12.56,-0.50,1.44,-0.89,0.007
12.57,-0.36,1.06,-0.66,0.007
12.58,-0.28,0.84,-1.49,-0.004
12.59,-0.43,-0.30,-1.95,0.012
12.60,-0.43,-1.81,-1.49,0.007
12.61,0.53,1.22,-1.64,0.007
12.62,0.31,-0.68,1.07,0.001
12.63,0.09,-2.64,1.22,0.007
12.64,1.27,0.76,0.09,0.007
12.65,0.24,1.82,-2.40,0.007
12.66,0.09,-0.37,0.09,0.012
12.67,0.01,-1.66,1.45,0.007
12.68,1.34,0.53,0.16,-0.010
12.69,1.64,-0.15,0.01,0.001
12.70,0.60,-0.98,-0.51,-0.004
12.71,1.27,0.31,1.07,-0.015
12.72,1.27,0.69,-0.36,0.001
12.73,0.90,-0.37,-0.21,0.007
12.74,0.90,0.99,1.14,0.001
12.75,1.27,0.69,0.84,-0.021
12.76,0.68,-1.89,1.52,-0.010
12.77,1.34,-1.36,-0.29,-0.004
12.78,2.45,0.61,0.92,-0.021
12.79,1.42,1.14,-0.74,-0.015
12.80,0.68,0.31,-0.21,-0.015
12.81,0.60,1.06,0.92,-0.004
12.82,1.19,0.91,0.09,0.001
12.83,1.34,0.16,1.97,-0.010
12.84,1.12,0.61,0.32,0.007
12.85,0.83,-1.51,0.92,0.007
12.86,1.12,-0.90,0.77,0.001
12.87,0.75,0.08,-0.44,-0.015
12.88,0.38,-0.53,-0.06,0.007
12.89,0.38,0.16,-0.44,-0.015
12.90,0.31,1.97,0.54,0.012
12.91,0.16,1.29,0.01,0.012
12.92,0.53,-1.43,-0.29,-0.010
12.93,0.46,-1.81,0.24,-0.004
12.94,0.38,0.91,-1.27,0.007
12.95,0.97,1.22,-0.89,-0.004
12.96,0.31,-0.98,-2.02,-0.004
12.97,0.31,0.08,0.09,0.007
12.98,0.01,-0.22,-1.04,0.007
12.99,-0.58,0.99,-0.21,0.012
13.00,0.83,1.44,0.47,-0.004
13.01,0.83,-0.90,-1.12,-0.010
13.02,0.83,-0.98,-0.59,-0.015
13.03,0.60,0.16,-1.04,-0.004
13.04,0.09,0.46,-2.47,0.007
13.05,-0.36,0.00,-0.06,0.001
13.06,-0.65,-0.83,-0.14,0.007
13.07,-0.21,0.61,-1.27,0.001
13.08,-0.13,0.84,-0.66,0.007
13.09,-0.06,-0.75,-1.34,0.007
13.10,0.38,-1.21,1.07,0.007
13.11,0.53,0.91,-1.42,0.007
13.12,0.60,0.99,-1.42,0.001
13.13,0.01,-0.83,-1.04,-0.004
13.14,0.60,-0.07,0.24,0.001
13.15,1.19,0.84,0.77,-0.010
13.16,0.24,0.00,-0.21,0.007
13.17,-0.13,-1.21,0.77,0.001
13.18,0.53,0.08,0.47,0.001
13.19,0.75,0.61,0.01,-0.010
13.20,0.53,-0.15,0.32,0.007
13.21,1.49,0.38,-0.89,0.001
13.22,1.27,-0.07,1.60,-0.004
13.23,0.97,0.23,1.22,0.001
13.24,0.75,1.22,-0.14,0.001
13.25,0.24,-1.43,2.05,-0.004
13.26,0.53,-0.45,0.39,0.007
13.27,0.68,1.22,0.39,0.007
13.28,0.68,0.31,0.84,0.001
13.29,1.05,0.38,1.14,-0.004
13.30,0.75,0.61,0.01,0.001
13.31,0.46,-1.28,1.90,0.007
13.32,0.83,-0.37,1.07,0.001
13.33,0.75,1.67,0.39,-0.010
13.34,1.78,0.38,0.77,-0.004
13.35,1.27,-0.83,0.39,-0.004
13.36,0.75,1.06,-1.04,-0.004
13.37,0.83,0.61,0.32,0.001
13.38,0.68,-0.68,1.60,-0.010
13.39,0.38,0.38,0.92,0.007
13.40,0.38,-0.07,-0.51,0.001
13.41,1.71,0.38,0.01,0.012
13.42,0.83,-0.30,-0.21,-0.004
13.43,0.68,-0.22,-0.21,0.001
13.44,1.05,0.76,0.84,-0.004
13.45,0.31,0.61,-0.82,0.012
13.46,0.09,-0.15,0.54,0.007
13.47,0.16,-0.30,0.09,0.001
13.48,0.75,1.14,-0.59,-0.004
13.49,-0.21,-0.07,-0.74,0.018
13.50,-0.06,-1.43,0.09,0.018
13.51,0.09,0.99,0.01,0.018
13.52,0.53,0.53,-0.29,-0.004
13.53,0.97,-1.21,-0.59,0.007
13.54,1.42,0.84,0.47,-0.004
13.55,1.19,0.31,-0.59,0.001
13.56,0.53,-0.98,0.39,-0.010
13.57,0.16,1.14,-0.06,0.001
13.58,0.01,0.08,0.24,0.012
13.59,1.12,-1.06,1.14,0.001
13.60,0.46,0.38,0.62,0.007
13.61,0.90,-0.22,0.01,-0.010
13.62,0.24,-0.75,0.32,-0.004
13.63,0.38,0.76,-0.59,0.001
13.64,1.34,-0.22,-0.66,-0.015
13.65,0.75,-1.21,-0.51,0.001
13.66,0.68,0.31,1.22,0.001
13.67,0.16,-0.07,-0.51,-0.004
13.68,0.09,-0.37,0.84,0.001
13.69,0.83,0.46,-0.29,0.001
13.70,0.38,-0.53,-1.49,0.007
13.71,0.90,-0.90,1.07,-0.010
13.72,0.97,0.00,-1.34,0.001
13.73,0.46,-0.30,-0.14,-0.004
13.74,0.60,-0.60,0.39,0.001
13.75,0.60,0.08,-1.12,-0.004
13.76,0.75,-0.45,-0.06,-0.004
13.77,0.16,-0.45,0.32,0.001
13.78,0.16,0.99,-0.51,0.018
13.79,0.83,0.16,-0.14,-0.010
13.80,0.46,-1.51,0.01,-0.010
13.81,1.19,0.53,0.77,0.001
13.82,1.93,1.37,-1.42,-0.015
13.83,0.97,-0.98,0.92,-0.010
13.84,0.24,-0.90,0.84,-0.010
13.85,1.71,-0.07,-0.44,0.012
13.86,-0.58,-0.98,-0.89,0.007
13.87,-0.80,0.76,1.75,0.001
13.88,0.60,0.91,-0.51,0.007
13.89,-0.36,-0.22,-0.14,0.001
13.90,0.83,-0.22,1.14,0.001
13.91,2.45,1.59,0.01,0.001
13.92,1.78,0.38,0.16,-0.015
13.93,0.38,-2.19,0.77,-0.004
13.94,0.97,0.46,0.32,0.001
13.95,0.90,2.05,-1.12,0.007
13.96,-0.06,-1.36,0.09,0.001
13.97,0.46,-1.28,1.14,0.001
13.98,1.27,2.12,1.75,-0.015
13.99,0.60,0.38,-0.21,0.007
14.00,0.01,-0.37,-0.29,-0.004
14.01,1.12,-0.75,0.77,-0.004
14.02,1.19,-0.75,0.16,-0.015
14.03,0.24,0.99,-1.34,0.007
14.04,-0.13,0.53,-0.82,0.007
14.05,-0.13,-0.60,0.92,0.007
14.06,0.09,0.84,-0.51,0.007
14.07,0.01,0.00,0.62,0.001
14.08,0.38,-0.45,-0.51,0.012
14.09,0.01,-0.45,0.01,-0.010
14.10,0.16,-0.45,-0.21,-0.004
14.11,1.71,0.69,-0.66,-0.010
14.12,1.64,-0.07,-0.74,-0.021
14.13,0.90,-1.13,-0.66,-0.004
14.14,0.68,0.46,0.16,0.001
14.15,0.90,0.69,-0.36,-0.004
14.16,0.24,-1.59,-0.14,0.007
14.17,-0.21,-0.15,-1.42,-0.004
14.18,0.09,1.52,-0.59,0.018
14.19,0.31,-1.43,-0.44,0.001
14.20,-0.65,-1.21,0.32,-0.004
14.21,0.46,1.44,0.09,0.007
14.22,1.64,-0.30,0.32,-0.010
14.23,-0.06,-0.15,-1.87,0.001
14.24,0.53,0.46,0.47,-0.015
14.25,0.90,-0.15,-1.42,-0.004
14.26,-0.28,-0.83,-0.59,0.018
14.27,-0.80,-0.75,0.24,0.007
14.28,1.12,-0.45,-0.14,-0.004
14.29,0.24,0.84,-0.21,0.001
14.30,-0.06,-0.53,0.09,0.007
14.31,1.05,-0.45,-0.14,-0.010
14.32,0.68,0.23,-0.66,0.001
14.33,0.75,-0.37,0.54,0.012
14.34,0.83,-0.45,-0.36,-0.004
14.35,1.19,0.46,0.01,0.001
14.36,0.31,-0.37,0.09,0.007
14.37,-0.13,-1.06,-0.66,0.007
14.38,-0.06,1.52,-0.06,0.012
14.39,-0.58,1.14,-0.44,0.012
14.40,-0.06,-1.21,0.62,0.007
14.41,0.46,-0.83,0.62,0.012
14.42,1.27,0.23,0.77,-0.026
14.43,1.64,0.84,0.77,0.001
14.44,1.19,-0.53,0.39,-0.004
14.45,1.42,-0.22,0.84,-0.004
14.46,1.42,0.61,-0.36,0.001
14.47,0.53,0.76,0.99,0.012
14.48,0.24,-0.15,0.54,0.012
14.49,0.75,0.61,1.37,0.001
14.50,0.97,0.61,1.45,-0.010
14.51,1.93,-0.37,1.75,-0.026
14.52,2.23,-0.60,-0.66,-0.004
14.53,0.90,-0.68,-0.14,-0.004
14.54,0.16,0.53,-0.66,0.001
14.55,0.31,0.23,-0.66,0.001
14.56,0.24,0.16,0.32,-0.004
14.57,0.46,0.69,-0.89,0.007
14.58,1.05,0.38,0.16,-0.004
14.59,0.75,-0.83,0.54,-0.004
14.60,-0.13,-0.30,-0.51,0.018
14.61,0.01,0.53,-0.36,0.012
14.62,0.53,-1.13,0.69,0.001
14.63,0.24,0.38,-1.72,0.001
14.64,0.16,0.76,-0.82,-0.004
14.65,0.83,-0.30,0.69,-0.021
14.66,0.75,-0.53,-0.21,-0.015
14.67,-0.13,-0.22,0.84,0.007
14.68,-0.13,0.23,-0.66,0.007
14.69,0.83,0.53,-0.29,-0.010
14.70,-0.06,0.08,-0.97,0.001
14.71,0.75,0.00,0.09,0.007
14.72,0.97,0.08,0.39,-0.004
14.73,0.75,0.08,0.62,-0.010
14.74,1.27,-0.15,0.84,-0.010
14.75,1.34,0.08,0.32,-0.004
14.76,0.38,0.23,-0.66,0.001
14.77,-0.80,-0.90,-0.36,-0.004
14.78,-0.65,0.61,0.54,0.012
14.79,0.01,1.59,-0.59,0.012
14.80,0.31,-1.59,1.37,0.001
14.81,1.27,0.16,2.12,0.001
14.82,1.71,0.99,-2.70,-0.004
14.83,1.42,-1.59,0.54,-0.004
14.84,0.90,-0.37,1.22,0.012
14.85,1.42,0.08,-0.89,-0.004
14.86,1.27,-0.98,0.39,-0.010
14.87,1.19,-0.07,-0.82,0.001
14.88,2.01,-0.75,1.52,-0.010
14.89,0.97,-0.83,0.01,-0.004
14.90,1.19,1.06,0.39,0.001
14.91,1.05,0.08,-0.97,-0.004
14.92,0.38,-1.43,-3.08,0.012
14.93,0.16,-1.13,0.39,0.007
14.94,0.46,-0.98,-2.17,0.001
14.95,1.78,0.23,-0.66,0.007
14.96,0.38,-0.53,-0.51,-0.004
14.97,0.83,-0.90,0.69,0.007
14.98,1.71,1.97,-0.44,-0.010
14.99,0.24,1.59,-1.27,-0.004
15.00,0.60,-1.74,0.77,0.001
15.01,0.90,-0.90,1.37,-0.015
15.02,0.90,0.46,0.24,0.007
15.03,1.12,0.46,0.39,-0.004
15.04,-0.58,0.38,-1.04,0.012
15.05,-1.17,0.31,0.54,0.007
15.06,-1.31,-0.68,-0.06,0.018
15.07,-1.24,-0.07,-0.66,0.012
15.08,-0.06,0.61,1.14,0.007
15.09,0.68,-0.53,0.69,0.007
15.10,1.27,0.46,0.54,0.001
15.11,1.64,0.84,-0.51,0.001
15.12,1.93,-0.30,0.69,-0.010
15.13,1.12,0.31,1.52,-0.004
15.14,0.24,-0.15,0.54,-0.004
15.15,0.60,0.31,0.84,-0.004
15.16,0.24,0.23,-0.89,-0.004
15.17,-0.21,-0.83,0.99,0.007
15.18,0.38,-0.07,0.99,0.007
15.19,1.19,0.38,0.32,-0.010
15.20,0.46,-0.98,-0.44,-0.004
15.21,0.75,-0.98,0.24,0.001
15.22,1.42,0.99,-0.36,0.001
15.23,0.90,-0.53,-1.12,-0.010
15.24,0.97,-0.30,0.69,0.001
15.25,1.34,1.37,0.09,-0.004
15.26,0.75,0.61,-0.51,-0.004
15.27,0.24,-0.60,0.09,-0.010
15.28,0.38,-0.75,-0.51,-0.010
15.29,0.46,-0.53,-0.44,-0.004
15.30,0.83,-0.07,0.32,-0.010
15.31,0.90,-0.37,-0.82,-0.021
15.32,1.19,0.53,-1.04,-0.004
15.33,1.19,0.38,-0.44,-0.010
15.34,0.75,-0.60,-0.89,-0.015
15.35,0.97,0.38,0.16,-0.010
15.36,0.31,-0.45,-0.06,-0.004
15.37,0.46,0.23,-0.44,-0.004
15.38,0.83,1.59,-0.82,0.007
15.39,0.38,0.53,-1.19,-0.004
15.40,0.75,-1.06,-0.66,-0.004
15.41,0.46,-2.27,0.92,0.012
15.42,-0.28,-0.60,-1.12,0.001
15.43,0.24,0.84,0.01,0.007
15.44,-0.43,-1.74,-0.82,0.001
15.45,-0.58,-0.68,-0.82,0.007
15.46,-0.06,1.37,0.24,0.007
15.47,0.31,0.46,0.39,0.012
15.48,1.05,0.84,1.67,-0.010
15.49,1.12,0.00,0.99,0.007
15.50,2.15,0.00,0.84,-0.004
15.51,1.86,0.99,0.92,0.001
15.52,-0.21,-0.15,0.16,-0.004
15.53,0.38,-0.30,1.90,0.007
15.54,0.24,0.38,0.09,0.001
15.55,0.09,-0.37,0.24,0.007
15.56,0.31,-0.45,0.99,0.007
15.57,0.16,0.08,0.54,-0.004
15.58,-0.06,0.46,0.62,0.007
15.59,0.90,0.38,-0.44,-0.010
15.60,1.49,0.38,0.47,0.001
15.61,1.12,0.00,0.32,0.007
15.62,1.42,-0.30,0.77,0.001
15.63,1.27,0.53,1.07,-0.004
15.64,0.53,0.16,0.32,-0.004
15.65,0.60,-0.37,0.77,0.001
15.66,0.53,-0.60,0.09,-0.004
15.67,0.60,0.00,0.54,0.018
15.68,0.90,-0.22,-0.51,-0.004
15.69,0.83,-0.07,-0.29,-0.004
15.70,1.19,0.08,0.69,-0.010
15.71,0.83,0.38,-0.59,-0.004
15.72,0.90,0.76,-0.82,0.007
15.73,1.05,-0.98,0.47,0.001
15.74,1.05,-0.60,0.32,0.012
15.75,0.75,-0.15,-1.19,-0.004
15.76,0.60,-0.53,-0.29,-0.004
15.77,0.83,-0.45,-0.21,0.012
15.78,0.46,0.23,-1.34,-0.004
15.79,0.53,-0.45,-0.36,0.001
15.80,0.83,0.16,-0.14,0.001
15.81,0.83,0.38,-0.66,0.001
15.82,0.53,-0.75,-0.06,0.001
15.83,1.12,0.23,-0.06,-0.015
15.84,1.42,0.08,-0.29,-0.010
15.85,0.68,-0.75,-0.51,0.012
15.86,0.97,-0.07,0.09,0.001
15.87,0.68,0.16,-1.12,0.001
15.88,0.16,-0.37,-0.29,-0.004
15.89,0.16,-0.53,-0.82,-0.004
15.90,0.46,-0.90,0.39,0.007
15.91,0.68,-0.90,-0.59,0.007
15.92,0.38,-0.15,-0.51,0.001
15.93,0.46,-0.53,-0.29,0.001
15.94,0.31,-0.75,-0.82,0.007
15.95,0.31,0.00,-1.34,0.001
15.96,0.46,-0.22,0.24,-0.004
15.97,0.46,-0.22,-0.29,-0.004
15.98,0.16,-0.07,0.09,0.007
15.99,0.24,-0.22,-0.06,-0.004
16.00,0.46,-0.15,0.01,-0.004
16.01,0.38,0.38,-0.21,-0.004
16.02,0.60,0.00,0.39,-0.010
16.03,1.05,-0.22,1.14,0.001
16.04,0.75,-0.22,-0.06,0.007
16.05,1.12,-0.45,1.14,0.001
16.06,0.68,-0.15,0.01,0.001
16.07,0.53,0.08,0.99,-0.004
16.08,0.53,-0.30,-0.06,0.001
16.09,0.53,-0.07,-0.66,0.001
16.10,0.09,0.23,-0.29,0.001
16.11,0.09,0.23,0.24,0.007
16.12,0.46,0.53,0.47,-0.004
16.13,0.53,-0.30,0.39,-0.004
16.14,1.12,-0.07,0.32,-0.004
16.15,1.27,0.31,0.32,-0.004
16.16,1.12,-0.37,0.39,-0.004
16.17,0.97,-0.15,0.24,-0.004
16.18,0.83,0.38,0.01,-0.010
16.19,0.83,0.16,0.01,-0.004
16.20,0.68,-0.30,0.32,0.001
16.21,0.46,0.53,0.09,-0.004
16.22,0.46,-0.07,0.39,0.007
16.23,0.60,-0.07,0.01,0.012
16.24,0.68,0.08,-0.66,0.001
16.25,0.97,-0.30,0.84,-0.004
16.26,0.90,0.08,-0.66,-0.004
16.27,0.53,-0.22,0.47,-0.010
16.28,0.38,-0.15,0.16,0.001
16.29,0.38,0.38,-0.36,-0.010
16.30,-0.06,0.31,0.32,0.001
16.31,0.01,0.38,-0.51,0.001
16.32,0.24,0.38,0.01,-0.010
16.33,0.60,0.00,-0.21,0.018
16.34,0.46,-0.60,0.09,-0.004
16.35,0.68,-0.37,-0.06,0.012
16.36,0.60,0.16,-0.29,0.001
16.37,0.31,-0.30,0.01,-0.004
16.38,0.68,0.08,0.54,-0.010
16.39,0.68,0.38,-0.82,-0.015
16.40,0.16,-0.37,0.54,-0.004
16.41,0.38,0.00,0.54,0.007
16.42,0.53,0.31,0.16,0.001
16.43,0.60,-0.30,0.84,0.001
16.44,0.38,-0.37,-0.44,-0.004
16.45,0.90,-0.07,0.09,-0.004
16.46,0.31,-0.75,0.16,-0.004
16.47,-0.06,-0.45,0.01,-0.004
16.48,0.46,0.08,0.16,0.001
16.49,0.60,0.23,0.01,0.007
16.50,0.38,-0.15,-0.36,-0.015
16.51,0.31,-0.53,0.16,0.007
16.52,0.60,-0.07,-0.59,-0.015
16.53,0.31,0.08,-0.89,0.001
16.54,0.46,-0.68,-0.29,-0.010
16.55,0.46,-0.22,-0.29,-0.004
16.56,0.31,-0.15,0.32,0.001
16.57,0.16,-0.15,-0.29,-0.004
16.58,0.60,-0.30,0.24,0.018
16.59,0.31,-0.83,-0.66,0.001
16.60,0.31,-0.68,-0.59,0.007
16.61,0.38,-0.07,-1.12,0.007
16.62,0.46,-0.45,-0.21,0.007
16.63,0.46,-0.15,-0.14,0.001
16.64,0.60,0.16,-0.51,-0.004
16.65,0.60,-0.22,-0.66,-0.004
16.66,0.46,-0.15,-0.29,-0.015
16.67,0.38,-0.45,0.39,0.001
16.68,0.09,-0.83,-0.51,0.012
16.69,0.38,-0.37,0.16,-0.010
16.70,0.46,-0.83,-0.51,-0.004
16.71,0.53,-0.37,0.01,0.018
16.72,0.75,0.16,0.01,-0.010
16.73,0.83,-0.22,0.32,0.007
16.74,0.53,-0.15,-0.14,-0.004
16.75,0.75,-0.22,0.32,-0.004
16.76,0.97,-0.45,0.69,0.007
16.77,0.68,-0.07,-0.44,0.001
16.78,0.60,-0.22,0.01,0.007
16.79,0.60,-0.53,0.16,0.001
16.80,0.31,-0.15,-0.36,-0.004
16.81,0.60,-0.22,0.32,-0.010
16.82,0.75,-0.53,0.01,-0.004
16.83,0.53,-0.30,-0.21,-0.004
16.84,0.31,0.00,-0.06,0.012
16.85,0.75,-0.07,-0.14,0.001
16.86,0.83,-0.53,0.01,-0.004
16.87,0.24,-0.60,0.16,0.012
16.88,0.68,0.23,0.62,-0.004
16.89,0.60,0.08,-0.29,-0.004
16.90,0.24,-0.68,0.47,-0.010
16.91,0.68,0.23,0.32,-0.004
16.92,0.97,0.46,0.24,-0.004
16.93,0.60,0.08,0.24,-0.010
16.94,0.75,-0.60,0.92,0.007
16.95,0.90,0.23,0.09,-0.004
16.96,0.60,0.38,0.62,0.001
16.97,0.53,0.16,0.16,-0.004
16.98,0.24,-0.15,0.01,0.001
16.99,-0.21,-0.60,0.39,-0.004
17.00,0.24,-0.07,0.01,0.007
17.01,0.38,0.31,0.16,0.007
17.02,0.31,-0.30,0.01,0.001
17.03,0.38,-0.45,0.09,-0.021
17.04,0.68,0.53,-0.29,0.001
17.05,0.46,0.16,-0.21,-0.010
17.06,0.31,-0.22,0.09,-0.015
17.07,0.46,0.00,0.32,-0.010
17.08,0.46,-0.22,-0.44,-0.004
17.09,0.46,-0.53,0.01,-0.004
17.10,0.83,-0.45,0.16,-0.004
17.11,0.53,-0.07,-0.66,0.023
17.12,0.46,-0.07,-0.59,-0.004
17.13,0.46,-0.53,-0.29,0.012
17.14,0.38,-0.07,-0.74,0.007
17.15,0.46,-0.60,-0.29,0.007
17.16,0.38,-0.75,0.24,0.001
17.17,0.24,0.23,-1.27,0.007
17.18,0.38,-0.22,-0.66,-0.004
17.19,0.24,-0.75,-0.21,-0.004
17.20,-0.13,-0.22,-0.82,0.007
17.21,0.09,0.00,-0.74,0.012
17.22,0.31,-0.53,0.24,-0.010
17.23,0.24,-0.22,-0.14,0.001
17.24,0.31,0.00,-0.44,0.001
17.25,0.53,0.00,-0.14,-0.015
17.26,0.60,-0.37,-0.21,0.007
17.27,0.38,-0.07,-0.36,-0.015
17.28,0.38,-0.45,0.01,-0.004
17.29,0.46,-0.60,0.32,0.012
17.30,0.24,0.08,-0.29,0.012
17.31,0.83,0.00,0.92,0.001
17.32,0.97,-0.22,0.39,-0.010
17.33,0.75,0.08,0.69,-0.004
17.34,0.60,-0.30,0.47,-0.004
17.35,0.90,-0.30,1.37,0.007
17.36,0.68,0.23,0.39,0.007
17.37,0.53,-0.60,-0.21,0.001
17.38,0.24,-0.60,0.54,-0.004
17.39,-0.06,0.53,0.99,0.001
17.40,0.53,-0.07,0.39,0.007
17.41,0.09,-0.37,0.47,-0.004
17.42,-0.06,0.53,-0.06,-0.004
17.43,0.83,0.00,0.62,-0.010
17.44,0.16,-0.22,0.24,0.007
17.45,-0.21,-0.15,0.32,-0.010
17.46,0.60,-0.30,0.84,0.001
17.47,0.38,-0.37,-0.14,-0.004
17.48,-0.13,-0.15,0.47,0.001
17.49,0.75,-0.30,0.01,0.007
17.50,0.53,-0.53,-0.44,0.012
17.51,0.38,-0.37,-0.06,-0.004
17.52,0.53,-0.30,-0.82,-0.010
17.53,0.53,0.00,-0.29,0.001
17.54,0.24,0.46,0.32,0.001
17.55,-0.13,-0.45,-0.14,0.007
17.56,0.09,0.08,-0.06,-0.004
17.57,0.31,-0.15,0.32,-0.004
17.58,-0.06,-0.45,-1.04,0.007
17.59,0.01,-0.07,-0.29,-0.010
17.60,0.46,-0.68,-0.44,0.007
17.61,0.16,-0.07,-0.97,-0.004
17.62,0.09,-0.07,-0.74,0.012
17.63,0.53,-0.83,-0.66,-0.004
17.64,0.31,-0.45,-0.14,0.001
17.65,0.16,-0.07,0.09,0.007
17.66,0.46,-0.37,-0.36,0.007
17.67,0.53,-0.07,-0.89,0.007
17.68,0.53,-0.30,0.09,0.001
17.69,0.75,-0.83,-0.06,-0.004
17.70,0.75,0.00,-0.66,-0.010
17.71,0.60,-0.22,-0.14,0.012
17.72,0.53,-0.45,0.16,-0.004
17.73,0.68,-0.30,-0.29,0.001
17.74,0.53,-0.90,0.32,0.007
17.75,0.68,-0.22,-0.06,-0.004
17.76,1.12,0.08,0.16,-0.004
17.77,1.05,-1.06,-0.51,-0.004
17.78,0.38,-0.98,0.09,0.001
17.79,0.31,-0.22,-0.14,-0.004
17.80,0.31,-0.53,-0.36,-0.004
17.81,-0.28,0.00,-0.59,0.007
17.82,0.24,0.16,-0.06,0.007
17.83,0.68,-0.37,0.16,-0.004
17.84,0.24,-0.07,0.54,-0.004
17.85,0.24,-0.37,0.09,-0.010
17.86,0.68,-0.30,0.84,-0.004
17.87,0.24,-0.07,-0.21,-0.004
17.88,0.24,-0.60,0.24,-0.010
17.89,0.46,-0.53,0.32,0.007
17.90,-0.13,0.91,-0.06,0.001
17.91,-0.06,0.16,0.01,0.018
17.92,0.46,0.08,0.24,0.012
17.93,0.31,-0.15,0.09,-0.004
17.94,0.16,-0.45,0.24,0.001
17.95,0.60,0.69,0.09,-0.010
17.96,0.46,-0.37,0.62,-0.004
17.97,-0.28,-1.21,0.47,-0.010
17.98,0.53,-0.15,-0.59,-0.010
17.99,0.60,-0.30,-0.36,0.001
18.00,0.24,-0.45,0.39,0.001
18.01,0.31,0.76,-0.06,0.001
18.02,0.46,0.38,-0.66,0.001
18.03,-0.06,-0.37,0.62,0.001
18.04,-0.06,0.08,0.62,-0.004
18.05,0.68,0.00,0.01,0.012
18.06,0.60,-0.22,-0.06,0.012
18.07,0.83,-0.07,-0.44,0.001
18.08,0.75,-0.37,-1.04,-0.010
18.09,0.83,-0.37,0.32,-0.004
18.10,0.38,-0.83,-0.14,0.001
18.11,0.60,-0.07,0.09,0.018
18.12,0.68,0.76,0.54,-0.004
18.13,0.31,0.00,0.16,-0.004
18.14,0.83,-0.15,0.47,-0.004
18.15,1.12,0.53,0.77,0.012
18.16,0.83,-0.07,0.09,0.001
18.17,0.97,-0.53,-0.06,0.012
18.18,0.75,-0.07,-0.21,0.012
18.19,0.53,-0.45,0.99,0.001
18.20,0.31,-0.30,-0.82,0.007
18.21,0.01,-0.22,0.54,0.007
18.22,-0.21,0.46,0.39,0.001
18.23,0.38,0.00,-0.29,-0.010
18.24,0.53,-0.30,0.62,-0.010
18.25,0.31,-0.37,-0.66,0.001
18.26,0.38,0.00,-0.66,-0.010
18.27,0.01,-0.53,0.39,0.007
18.28,-0.50,-0.60,0.24,0.001
18.29,-0.21,-0.07,-0.14,0.012
18.30,-0.50,0.00,-0.51,0.001
18.31,-0.06,-0.53,0.92,0.001
18.32,0.38,0.00,-0.06,0.001
18.33,0.46,0.23,0.62,0.007
18.34,0.83,0.16,0.47,0.001
18.35,0.53,-0.22,-0.59,0.007
18.36,0.24,-0.22,0.24,-0.010
18.37,0.01,-0.37,0.99,0.001
18.38,-0.43,0.00,0.32,0.001
18.39,-0.72,-0.75,0.54,0.012
18.40,-0.28,-0.30,-0.06,-0.004
18.41,0.46,0.76,-0.14,-0.004
18.42,0.38,0.08,-1.19,-0.010
18.43,0.31,-1.06,0.62,0.007
18.44,0.60,-0.07,0.84,0.007
18.45,0.38,-0.37,-0.89,0.007
18.46,0.31,-1.36,0.69,-0.004
18.47,0.16,-0.15,-0.66,0.007
18.48,-0.06,0.08,-0.66,-0.004
18.49,-0.28,-0.45,-0.21,0.001
18.50,0.16,0.53,-0.66,0.001
18.51,0.53,0.31,0.32,0.012
18.52,0.53,-0.75,0.24,0.001
18.53,0.24,-0.22,0.32,-0.004
18.54,0.53,0.31,0.39,0.012
18.55,-0.06,-1.06,-0.06,-0.004
18.56,-0.28,-0.90,-0.06,0.001
18.57,-0.21,-0.15,-0.74,0.007
18.58,0.24,-0.37,-1.12,0.007
18.59,0.09,-0.75,0.62,0.001
18.60,0.31,-0.37,-0.82,0.018
18.61,0.31,-0.30,-0.66,-0.010
18.62,0.38,-0.37,-0.51,0.012
18.63,0.31,-0.60,-1.19,0.001
18.64,0.31,0.16,-0.51,-0.010
18.65,-0.21,-0.68,-0.74,0.007
18.66,-0.36,-0.90,-0.06,0.001
18.67,-0.50,0.31,-0.97,0.012
18.68,-0.06,-0.22,0.16,0.012
18.69,0.38,-0.68,0.01,0.001
18.70,0.24,-0.60,-0.51,0.012
18.71,0.46,-0.22,-0.51,-0.004
18.72,0.60,-0.53,-0.21,0.012
18.73,1.05,-0.22,0.24,-0.010
18.74,0.83,-0.22,-0.21,0.001
18.75,0.38,-0.07,0.92,0.007
18.76,0.01,0.76,0.92,0.012
18.77,0.09,0.16,0.69,-0.004
18.78,0.75,-0.68,2.73,-0.010
18.79,0.75,-0.45,0.84,-0.004
18.80,1.64,-0.07,-0.21,0.007
18.81,1.64,0.23,0.01,-0.004
18.82,0.53,-0.53,-0.14,-0.004
18.83,0.60,0.16,0.16,-0.004
18.84,0.24,-0.07,0.92,0.012
18.85,-0.80,0.31,0.47,-0.004
18.86,-0.28,0.46,0.39,0.007
18.87,-0.13,0.31,0.16,0.007
18.88,-0.43,-0.30,0.69,0.007
18.89,0.16,-0.22,-0.14,0.007
18.90,0.53,-0.37,-1.19,0.018
18.91,0.68,-0.15,-0.14,0.001
18.92,0.75,-0.98,-0.14,0.001
18.93,0.31,0.00,-0.14,0.007
18.94,-0.50,0.16,-0.59,0.012
18.95,-1.24,-0.37,-0.66,0.018
18.96,-0.95,0.16,0.77,0.007
18.97,-0.95,-0.15,0.62,0.012
18.98,-0.65,0.16,-0.82,0.007
18.99,0.46,-0.22,-0.29,-0.004
19.00,0.97,0.00,-0.44,-0.010
19.01,1.05,-0.22,-1.42,-0.015
19.02,1.12,-0.37,-0.74,0.012
19.03,0.60,0.84,-0.97,-0.004
19.04,-0.06,-0.37,-0.51,0.001
19.05,-0.50,-0.45,-0.21,0.012
19.06,-0.50,-0.68,-0.66,0.007
19.07,-0.13,-1.43,-0.51,0.012
19.08,0.24,0.46,-0.59,0.001
19.09,0.24,0.69,-1.12,0.001
19.10,0.31,-1.13,-0.14,0.012
19.11,0.90,-0.75,-0.21,-0.010
19.12,0.83,0.76,-1.72,-0.004
19.13,0.60,-0.53,-0.06,0.007
19.14,0.16,-0.30,-0.21,0.001
19.15,-0.13,0.31,-0.36,0.007
19.16,-1.02,-0.60,0.16,0.018
19.17,-0.72,-0.68,0.39,0.001
19.18,0.01,-0.07,0.01,0.001
19.19,0.46,-0.68,0.92,0.007
19.20,0.53,-0.53,-1.27,-0.010
19.21,0.31,-0.30,-0.29,0.007
19.22,0.31,0.53,0.01,0.007
19.23,0.38,0.84,-0.74,-0.004
19.24,-0.13,-0.22,1.75,0.007
19.25,0.24,-0.68,0.47,0.007
19.26,0.53,0.38,-0.21,-0.004
19.27,-0.58,0.16,0.16,0.007
19.28,-0.21,-0.53,2.50,-0.004
19.29,-0.72,2.73,1.60,0.012
19.30,-0.43,1.75,-0.66,-0.004
19.31,-0.36,-1.13,3.63,0.018
19.32,0.83,-1.43,2.88,0.007
19.33,0.53,0.23,-0.14,-0.004
19.34,1.05,0.84,0.32,-0.004
19.35,-0.21,-0.37,-2.17,0.007
19.36,-0.87,0.38,-0.14,0.012
19.37,0.38,-0.37,0.32,0.012
19.38,0.24,-2.72,1.75,-0.004
19.39,0.38,0.31,0.84,-0.004
19.40,0.60,0.76,-0.59,-0.010
19.41,1.12,-0.53,0.92,-0.004
19.42,-0.06,-0.15,-0.14,0.007
19.43,0.24,0.23,-1.95,0.012
19.44,0.31,0.84,0.39,0.007
19.45,-0.58,0.16,-0.29,0.007
19.46,-0.13,-0.90,0.54,-0.010
19.47,0.68,0.69,-0.66,0.007
19.48,-0.06,-0.30,-1.87,-0.004
19.49,-0.13,-1.66,0.54,0.001
19.50,0.75,0.38,0.47,-0.004
19.51,0.60,1.06,-1.12,0.001
19.52,0.83,-1.36,0.47,-0.004
19.53,0.60,-0.15,-1.19,-0.004
19.54,-0.28,0.46,-1.04,0.007
19.55,-0.50,-0.53,1.52,0.001
19.56,-0.95,0.08,-0.74,0.007
19.57,-0.72,-0.75,-0.74,-0.004
19.58,0.24,-0.68,-0.29,-0.004
19.59,0.83,0.38,-1.34,0.001
19.60,1.05,-1.13,0.09,-0.004
19.61,0.90,-1.81,0.09,-0.004
19.62,0.68,0.53,-1.49,-0.004
19.63,0.68,-0.37,0.54,0.007
19.64,0.01,-1.51,-0.51,0.001
19.65,0.01,-0.07,-2.32,0.007
19.66,-0.21,-0.60,-0.51,0.012
19.67,0.01,0.69,0.24,0.007
19.68,0.83,1.22,0.54,0.012
19.69,0.09,-1.66,0.77,-0.004
19.70,-0.72,-4.39,1.07,0.018
19.71,-0.50,-1.66,0.62,0.018
19.72,0.60,1.44,-0.82,-0.004
19.73,0.75,-1.89,0.09,-0.004
19.74,-0.58,-0.45,-3.23,0.007
19.75,0.16,3.11,-0.36,0.001
19.76,-0.28,2.96,1.90,0.007
19.77,-0.58,-0.53,1.07,0.001
19.78,0.38,0.84,0.99,0.007
19.79,0.46,-0.98,0.47,-0.004
19.80,-0.13,-0.98,0.84,0.001
19.81,-0.13,-0.68,-0.51,0.001
19.82,0.16,-0.90,-1.04,0.001
19.83,1.34,0.99,1.30,0.001
19.84,0.83,-0.37,0.99,-0.004
19.85,0.97,-0.53,1.14,0.001
19.86,0.68,1.37,-0.14,0.012
19.87,-0.36,0.61,1.14,0.001
19.88,0.09,-0.15,0.09,-0.004
19.89,0.75,-0.07,1.14,-0.004
19.90,1.19,0.46,-0.66,-0.004
19.91,1.49,-0.68,0.62,-0.010
19.92,-0.36,-0.30,0.62,-0.004
19.93,-0.58,-0.37,-0.59,0.007
19.94,-0.21,0.31,0.84,0.007
19.95,-0.21,0.38,-0.36,0.001
19.96,0.09,-0.83,0.47,0.001
19.97,0.68,0.31,-0.89,0.001
19.98,1.12,0.46,-0.82,0.012
19.99,1.12,-1.81,0.84,0.001
20.00,0.97,0.61,-1.19,0.001
20.01,0.01,1.44,-0.82,-0.004
20.02,0.24,-0.60,0.16,0.001
20.03,0.01,0.00,-0.14,0.007
20.04,-0.43,-0.22,-0.06,0.007
20.05,0.38,-0.37,0.16,0.012
20.06,0.38,0.23,-1.04,0.001
20.07,0.24,0.31,-1.12,-0.010
20.08,0.16,-1.43,-0.89,0.001
20.09,0.09,0.23,-1.80,-0.004
20.10,0.09,0.38,0.32,0.001
20.11,-0.50,-1.21,-0.36,0.001
20.12,-0.13,0.00,0.77,0.001
20.13,-0.21,0.16,-1.27,0.007
20.14,-0.43,0.38,-0.82,0.001
20.15,-0.28,-0.30,0.32,0.012
20.16,0.60,0.00,0.32,0.001
20.17,0.60,-0.83,-0.51,-0.004
20.18,0.60,-1.36,0.01,-0.010
20.19,0.83,0.91,0.92,0.007
20.20,0.24,0.16,0.54,0.001
20.21,0.46,-0.98,0.24,0.001
20.22,0.90,0.31,0.16,-0.004
20.23,0.09,0.23,0.69,-0.004
20.24,-0.13,0.76,0.24,-0.004
20.25,-0.21,-0.37,-0.36,0.018
20.26,-0.06,-0.83,0.84,0.007
20.27,0.24,0.38,0.32,0.001
20.28,0.31,-0.22,-0.66,-0.004
20.29,-0.28,-0.60,0.32,-0.004
20.30,0.01,-0.53,-0.51,0.001
20.31,0.24,-0.53,-0.14,0.012
20.32,0.24,-0.45,-0.44,-0.004
20.33,0.01,0.38,-0.74,0.001
20.34,0.46,-0.07,0.16,0.007
20.35,0.38,-0.15,0.54,0.007
20.36,-0.13,0.08,-0.51,0.007
20.37,-0.06,-1.06,0.62,-0.004
20.38,0.16,1.22,-0.97,0.007
20.39,0.01,1.29,0.01,0.001
20.40,-0.58,-0.68,0.62,0.012
20.41,-0.58,-0.53,-0.44,-0.010
20.42,-0.43,0.69,1.45,0.007
20.43,-0.58,-0.68,-0.14,0.007
20.44,-0.06,-1.59,0.62,-0.004
20.45,-0.50,0.38,-1.12,0.007
20.46,-0.13,0.53,-2.02,0.001
20.47,0.60,-0.07,0.47,-0.010
20.48,0.38,0.23,-1.19,0.007
20.49,0.38,-0.90,0.54,0.001
20.50,0.09,-0.60,1.22,0.007
20.51,-0.06,1.29,-0.74,0.007
20.52,-0.28,-0.22,0.16,0.012
20.53,-0.87,-1.59,0.32,0.018
20.54,-0.36,0.23,-0.36,0.007
20.55,0.24,1.52,-0.82,0.007
20.56,-0.13,-0.90,-0.82,-0.010
20.57,0.38,-0.98,0.32,-0.010
20.58,0.97,0.69,0.09,-0.015
20.59,0.60,0.08,0.62,-0.004
20.60,0.09,-0.68,-0.66,-0.010
20.61,0.97,-0.37,0.99,-0.015
20.62,0.97,-0.07,-0.82,-0.015
20.63,0.38,-0.98,0.54,-0.004
20.64,0.09,0.23,0.39,0.007
20.65,0.38,0.84,0.24,0.018
20.66,0.01,0.23,0.92,0.007
20.67,0.53,0.16,0.16,0.001
20.68,0.60,-0.45,0.77,0.018
20.69,0.46,0.00,1.14,-0.004
20.70,1.05,-0.15,0.99,-0.004
20.71,0.97,0.23,-1.64,-0.004
20.72,1.27,0.23,0.39,-0.010
20.73,0.68,-0.45,-0.51,0.001
20.74,0.16,0.00,-0.06,-0.004
20.75,0.01,0.46,0.39,0.007
20.76,-0.28,-0.37,0.09,-0.010
20.77,-0.21,-0.15,0.09,0.007
20.78,-0.13,0.31,0.01,0.007
20.79,0.31,-0.45,0.16,0.001
20.80,0.38,-0.75,0.39,0.007
20.81,0.31,-0.68,-0.14,-0.010
20.82,0.60,0.16,-0.29,0.001
20.83,0.31,0.38,-0.36,0.012
20.84,0.01,0.16,-0.21,-0.004
20.85,-0.58,0.00,0.69,0.001
20.86,0.01,0.99,-0.44,-0.015
20.87,-0.13,0.61,0.62,0.007
20.88,-0.28,-0.37,0.24,0.007
20.89,0.38,0.16,-0.14,0.007
20.90,0.01,-0.37,0.01,0.007
20.91,-0.36,-0.15,-0.51,0.001
20.92,0.31,-0.53,0.24,0.001
20.93,0.53,-0.45,-0.14,-0.004
20.94,0.16,-0.22,0.24,-0.004
20.95,0.09,-0.07,-0.44,0.001
20.96,0.01,0.53,-0.14,0.007
20.97,0.01,0.31,0.09,0.007
20.98,0.31,0.00,-0.06,0.001
20.99,1.27,0.23,0.32,-0.004
21.00,0.83,-0.45,0.39,-0.010
21.01,0.46,-0.22,-0.59,-0.004
21.02,0.83,-0.53,0.24,-0.010
21.03,0.09,-0.15,-0.89,0.001
21.04,0.01,0.00,0.09,-0.004
21.05,0.09,-0.60,-0.51,-0.010
21.06,-0.21,-0.83,0.39,0.012
21.07,-0.28,-0.22,-0.29,0.007
21.08,0.83,0.46,0.16,0.001
21.09,0.38,-0.15,-1.27,0.001
21.10,0.16,-0.90,0.39,-0.015
21.11,0.68,0.46,-0.14,0.001
21.12,0.75,0.38,-0.82,-0.004
21.13,0.24,-0.75,0.84,0.001
21.14,0.60,-0.07,0.24,0.001
21.15,0.75,0.76,0.09,-0.004
21.16,0.09,-0.37,0.39,0.007
21.17,-0.28,-0.45,0.47,-0.004
21.18,-0.13,0.23,-0.14,0.001
21.19,-0.43,-0.15,-0.21,0.018
21.20,0.16,0.23,-0.36,0.012
21.21,0.60,-0.75,-0.59,0.007
21.22,0.09,-0.53,-0.59,0.007
21.23,-0.06,-0.22,0.01,-0.004
21.24,0.24,0.16,-0.06,-0.004
21.25,-0.21,0.16,-0.44,0.001
21.26,-0.58,-0.68,-0.29,0.012
21.27,0.16,-0.45,-0.59,0.001
21.28,0.01,-0.07,-0.66,0.001
21.29,-0.21,-0.53,-0.82,-0.004
21.30,-0.28,-0.37,-0.29,0.001
21.31,0.09,0.38,-0.51,0.001
21.32,-0.50,0.38,-0.74,0.007
21.33,-0.13,0.00,-0.29,0.018
21.34,0.01,-0.30,-0.29,-0.004
21.35,-0.58,-0.37,-0.59,0.001
21.36,-0.43,-0.07,-0.21,0.007
21.37,0.16,0.00,-0.06,0.012
21.38,0.01,0.23,-0.51,-0.004
21.39,0.16,0.00,-0.29,-0.010
21.40,0.97,0.16,0.77,0.001
21.41,0.24,0.61,-0.06,0.007
21.42,0.09,-0.37,0.47,-0.004
21.43,0.38,-0.37,0.24,0.001
21.44,0.60,-0.07,-0.21,-0.015
21.45,0.38,0.08,0.62,0.018
21.46,0.46,0.69,-0.14,0.007
21.47,0.38,0.08,0.24,-0.004
21.48,0.01,-0.30,0.69,0.001
21.49,0.60,1.14,1.07,0.007
21.50,0.68,0.53,0.92,0.007
21.51,0.31,-0.60,1.14,-0.004
21.52,0.46,0.31,1.67,-0.004
21.53,0.97,1.06,0.47,0.012
21.54,0.60,0.16,0.24,0.001
21.55,0.60,-0.83,0.92,0.018
21.56,0.75,0.23,0.39,0.001
21.57,0.68,0.31,0.92,-0.015
21.58,0.16,-0.53,1.22,-0.010
21.59,0.38,0.38,-0.29,0.007
21.60,0.38,0.69,0.09,0.001
21.61,0.46,0.69,0.24,-0.004
21.62,0.16,0.31,-0.14,-0.004
21.63,0.16,0.31,0.47,0.012
21.64,-0.13,0.16,0.47,-0.010
21.65,-0.36,-0.15,0.47,0.007
21.66,0.09,0.31,-0.44,0.007
21.67,0.01,-0.07,-0.14,0.001
21.68,-0.06,-0.30,0.16,0.001
21.69,-0.06,0.84,-0.82,0.018
21.70,0.09,1.37,-0.21,0.001
21.71,-0.43,-0.45,0.16,0.001
21.72,-0.36,-1.21,1.14,0.001
21.73,-0.58,0.76,-0.59,0.018
21.74,-0.58,0.38,-0.21,0.007
21.75,-0.28,-0.15,0.16,0.007
21.76,0.01,0.76,-0.51,-0.004
21.77,0.01,0.23,-0.74,0.007
21.78,0.31,-0.68,0.39,-0.010
21.79,0.01,0.69,-0.29,0.001
21.80,-0.06,-0.53,0.24,0.001
21.81,-0.21,-0.83,-0.36,0.007
21.82,-0.21,0.08,-0.66,-0.004
21.83,-0.43,0.53,-1.34,0.007
21.84,-0.50,-0.53,-0.06,0.001
21.85,-0.65,-0.37,-0.66,0.001
21.86,0.01,0.76,-0.21,0.001
21.87,0.46,0.08,0.62,-0.004
21.88,0.46,-0.37,-1.12,-0.004
21.89,0.60,-1.28,0.47,-0.010
21.90,0.60,-1.06,-0.59,0.001
21.91,0.83,0.00,-0.29,-0.010
21.92,0.09,-0.68,-0.21,0.007
21.93,0.38,-0.22,-0.29,0.001
21.94,0.31,0.76,-0.21,0.012
21.95,-0.36,-0.30,-0.59,-0.004
21.96,0.38,-0.53,1.22,-0.010
21.97,0.90,0.38,-0.14,0.001
21.98,0.31,-0.68,-0.21,-0.004
21.99,0.24,-0.53,-0.66,-0.015
22.00,0.60,0.00,-0.82,0.001
22.01,0.46,-0.22,-0.44,-0.004
22.02,0.09,-0.83,-0.29,0.001
22.03,0.31,-0.45,0.39,0.007
22.04,0.01,0.91,-0.29,-0.004
22.05,0.16,-0.30,0.69,0.007
22.06,0.09,-0.68,0.39,0.012
22.07,0.38,0.61,-0.36,-0.015
22.08,0.38,0.53,-0.29,0.001
22.09,-0.21,-0.53,0.01,0.012
22.10,0.53,-0.22,0.69,-0.004
22.11,0.90,0.53,-0.21,-0.004
22.12,0.68,-0.37,0.84,-0.015
22.13,0.38,0.00,0.24,-0.010
22.14,0.53,-0.07,0.09,0.007
22.15,0.16,-0.07,0.47,0.001
22.16,0.01,0.23,0.62,-0.010
22.17,0.01,0.23,-0.82,0.012
22.18,-0.21,0.16,0.69,0.007
22.19,-0.43,0.84,0.99,0.012
22.20,-0.28,1.29,0.92,-0.004
22.21,-0.13,0.84,0.09,0.001
22.22,0.31,0.00,0.69,0.001
22.23,1.05,-0.90,1.30,0.007
22.24,0.75,0.53,0.69,-0.010
22.25,0.31,1.82,1.30,-0.004
22.26,0.46,1.14,0.99,-0.004
22.27,0.60,0.16,0.99,0.007
22.28,0.46,0.23,1.67,-0.004
22.29,0.68,0.16,1.30,0.001
22.30,0.01,0.61,0.32,0.007
22.31,-1.02,0.84,0.24,0.007
22.32,-0.65,0.46,-0.29,0.001
22.33,-0.13,0.69,-1.42,0.001
22.34,-0.50,-0.60,0.01,0.012
22.35,0.16,0.08,1.30,0.007
22.36,-0.36,1.22,-0.66,0.007
22.37,-1.24,-0.30,0.84,0.007
22.38,-0.28,0.31,0.92,-0.004
22.39,0.01,0.99,-1.12,0.007
22.40,-0.36,0.23,0.77,0.001
22.41,-0.95,-0.15,-1.19,0.001
22.42,-0.87,0.53,-0.14,0.018
22.43,-0.80,0.61,-0.66,0.007
22.44,-1.17,-0.53,-0.66,0.007
22.45,-0.58,-0.30,-1.12,0.007
22.46,-0.13,-0.75,-1.72,0.007
22.47,-0.80,-1.21,-1.42,-0.004
22.48,-0.50,0.16,-2.02,-0.004
22.49,-0.06,-0.45,-1.42,0.007
22.50,-0.72,-0.75,-1.80,0.001
22.51,-0.06,-0.15,-0.51,0.001
22.52,-0.06,0.08,-1.64,0.007
22.53,-0.58,-0.07,-1.12,0.012
22.54,-0.36,-0.15,-0.29,0.007
22.55,0.46,-0.30,-0.97,-0.004
22.56,0.46,-0.60,-0.74,0.007
22.57,0.31,-1.21,-0.66,-0.004
22.58,0.68,0.84,0.24,-0.010
22.59,0.68,0.61,-0.36,-0.010
22.60,-0.06,-1.96,0.62,-0.004
22.61,0.38,-0.98,0.32,-0.004
22.62,0.60,0.46,-0.82,0.001
22.63,0.75,0.46,-0.36,0.001
22.64,1.42,0.31,0.62,-0.015
22.65,1.27,-0.98,0.77,-0.010
22.66,0.24,-0.90,-1.12,-0.010
22.67,1.12,0.00,1.60,0.007
22.68,0.97,0.38,-0.14,-0.010
22.69,-0.21,-1.21,-0.21,-0.004
22.70,-0.06,-0.68,0.69,0.018
22.71,0.60,0.76,-0.44,0.007
22.72,-0.06,0.76,0.69,0.001
22.73,-0.13,0.08,0.69,0.018
22.74,0.75,0.84,1.37,-0.004
22.75,0.01,0.31,0.47,-0.010
22.76,-0.21,0.00,0.92,0.001
22.77,0.60,0.31,0.54,0.012
22.78,0.46,-0.07,-0.29,-0.004
22.79,-0.06,-0.68,0.69,-0.004
22.80,0.01,-0.45,1.22,0.007
22.81,-0.36,1.37,-0.21,0.001
22.82,-0.50,0.91,1.60,-0.010
22.83,-0.28,0.16,-0.14,0.007
22.84,0.68,0.23,1.67,-0.010
22.85,-0.28,1.75,-0.59,0.001
22.86,0.24,1.29,0.01,0.007
22.87,0.31,1.22,0.39,0.001
22.88,-0.43,0.38,-0.89,0.012
